rank,animal,power
1,Futalognkosaurus dukei,14810.461832
2,Allosaurus fragilis (pack of 2/3),14236.424119
3,Orca Pod (of 8-10),11096.400405
4,Phuwiangosaurus sirindhornae,10666.112778
5,Utahraptor ostrommaysorum (pack of 10),8282.402731
6,Allosaurus fragilis (pack of 4),7796.293578
7,Allosaurus fragilis (pack of 5),7190.433048
8,Brygmophyseter shigensis (pod of 5),7092.774448
9,Livyatan melvillei,5933.423721
10,Orca Pod (of 5),5549.494109
11,Carcharocles megalodon,5010.293982
12,Eotriceratops xerinsularis,4487.493804
13,Pliosaurus spp. (a large one!),3460.202757
14,Orca Pod (of 4),3451.843646
15,Purussaurus brasiliensis (float of 5),3347.370773
16,Sperm Whale (Bull),3341.130814
17,Borson's Mastodon,3269.715853
18,Orca Pod (of 3),3240.963564
19,Blue Whale,3091.875868
20,Asian Straight-tusked Elephant,3034.572855
21,Albertosaurus sarcophagus (pack of 4/5),2538.962634
22,Megacephalosaurus eulerti,2464.721386
23,Shantungosaurus giganteus,2285.208849
24,Paraceratherium spp.,2148.846035
25,Straight-tusked Elephant,2124.439722
26,Apatosaurus ajax,2094.041631
27,Shonisaurus popularis,2089.651081
28,Brygmophyseter shigensis (pod of 4),1753.707424
29,Ankylosaurus magniventris,1747.297115
30,Tyrannosaurus rex,1662.535702
31,Dacentrurus armatus,1638.825069
32,Deinosuchus riograndensis (float of 3),1605.443658
33,Orca Pod (of 2),1578.757559
34,Prognathodon saturator,1568.118132
35,Bowhead Whale,1552.252467
36,Thalattoarchon saurophagis,1521.747880
37,African Bush Elephant Cows (herd of 4),1504.141260
38,Deinosuchus riograndensis,1500.641191
39,Pliosaurus funkei,1403.049282
40,Astrodon johnstoni,1339.156476
41,Sperm Whale,1321.143192
42,Giganotosaurus carolinii,1317.562295
43,Triceratops horridus,1276.744915
44,Tyrannotitan chubutensis,1255.021995
45,American Lion (pride of 20),1253.230518
46,Humpback Whale,1221.368190
47,Kronosaurus queenslandicus,1216.027987
48,Orca (Ross Sea - Type C),1125.517328
49,Mapusaurus roseae (pack of 2),1110.618107
50,Carcharocles chubutensis,1099.904653
51,Zhuchengtyrannus magnus,1093.186903
52,Bryde's Whale,1029.112140
53,North Pacific Right Whale,1022.135662
54,Carcharocles angustidens,1007.059777
55,Steppe Mammoth,985.134078
56,Maip macrothorax,969.353779
57,Southern Mammoth,953.219736
58,Mosasaurus hoffmannii,945.592306
59,Tylosaurus proriger,909.503778
60,Diplodocus carnegii,854.137496
61,Purussaurus brasiliensis,775.222988
62,American Lion (Coalition of 3),736.995901
63,Mapusaurus roseae,685.415619
64,Acrocanthosaurus atokensis,683.643150
65,Torvosaurus tanneri,628.396285
66,Titanoceratops ouranos,627.772240
67,Carcharodontosaurus saharicus,625.714057
68,Albertosaurus sarcophagus,618.610422
69,Shastasaurus sikkanniensis,602.166047
70,Sachicasaurus vitae,597.776148
71,Perucetus colossus,590.526256
72,Asiatic Lion (pride of 4/5),561.708935
73,Otodus obliquus,551.445245
74,Lambeosaurus spp.,534.195069
75,Allosaurus fragilis (pack of 2),532.321926
76,Himalayasaurus tibetensis,530.377137
77,Brontosaurus excelsus,519.382537
78,Arabian Elephant,484.435443
79,American Lion (Coalition of 3 - 5),484.135100
80,Euoplocephalus tutus,481.051576
81,Pycnonemosaurus nevesi (pack of 3),477.721397
82,Spinosaurus aegyptiacus,448.718420
83,Carcharodontosaurus iguidensis,446.979837
84,Columbian Mammoth,428.988972
85,Suchomimus tenerensis (2),425.160466
86,Rhamphosuchus crassidens,420.287246
87,Paraceratherium bugtiense,396.570264
88,Rugops primus (pack of 4),392.631544
89,Stegosaurus stenops,391.727157
90,Basilosaurus cetoides,391.067942
91,Temnodontosaurus platyodon,380.028984
92,"Neanderthal (armed with spears, troop of 10)",379.613497
93,Deinocheirus mirificus,367.167504
94,Fasolasuchus tenax,360.868946
95,Shunosaurus jiangyiensis,354.228611
96,Sperm Whale (Cow),350.431353
97,Anancus arvernensis,348.283971
98,Cymbospondylus youngorum,348.196255
99,Torosaurus latus,346.975689
100,Deinotherium thraceiensis,338.835485
101,Daspletosaurus torosus,314.484479
102,Orca (Killer Whale),303.537950
103,African (Cape) Buffalo (herd of 10),302.835251
104,Siats meekerorum,299.516002
105,American Mastodon,296.005930
106,Yutyrannus huali,293.865078
107,Lion Coalition of 5 Lions,289.439641
108,Sigilmassasaurus brevicollis,285.440936
109,Vorombe titan,275.966921
110,Elasmotherium sibiricum,269.536258
111,Styracosaurus albertensis,267.807349
112,Prognathodon spp.,267.275857
113,Asiatic Lioness (pride of 3),262.374912
114,Tarbosaurus bataar,261.694416
115,Eocarcharia dinops,260.779987
116,Liopleurodon ferox,260.147041
117,Common Bottlenose Dolphin (pod of 6/7),247.554170
118,Spinosaurus aegypticus,246.033898
119,Smilodon populator (pride of 3),244.442519
120,Saurophaganax maximus,239.343328
121,Barinasuchus arveloi,223.178091
122,Globidens alabamaensis,221.848582
123,African Bush Elephant (cow),220.960587
124,Eurasian Cave Lion (Coalition of 3),216.230234
125,Ceratosaurus nasicornis (pack of 2/3),215.035229
126,Yangchuanosaurus shangyouensis,211.261470
127,Woolly Rhinoceros,211.028171
128,Crocodylus thorbjarnarsoni,208.348334
129,Woolly Mammoth,208.112028
130,Smilodon fatalis (coalition of 3/4),205.239011
131,Australovenator wintonensis,202.275418
132,Cretoxyrhina mantelli,201.174217
133,African Lion (Coalition of 3/4),198.833667
134,Allosaurus fragilis,190.426963
135,Eurasian Cave Lion (Coalition of 2),184.638680
136,Megatherium americanum,182.258170
137,Irritator challengeri,180.359431
138,Brygmophyseter shigensis,178.770994
139,Sumatran Elephant,178.195002
140,Deinosuchus rugosus,177.235392
141,Arsinoitherium zitteli,175.983390
142,Homotherium crenatidens,168.202446
143,American Lion (Coalition of 2/3),166.659037
144,Spotted Hyenas (clan of 15),160.556994
145,Tropical Bottlenose Whale (pod of 2),159.644227
146,Asian Elephant,159.643740
147,Sarcosuchus imperator,159.395219
148,Smilodon fatalis (coalition of 5),156.288852
149,Megacamelus merriami,155.099610
150,Gastonia burgei,152.348997
151,African Forest Elephant,151.916472
152,Therizinosaurus cheloniformis,151.199269
153,Nanshiungosaurus brevispinus,147.743239
154,African Bush Elephant,134.775086
155,Doedicurus clavicaudatus,134.481667
156,Indian (Greater One-horned) Rhinoceros,132.973113
157,Smilodon fatalis (coalition of 2),132.217499
158,Pentaceratops sternbergii,132.169773
159,Suchomimus tenerensis,131.761499
160,Saltriovenator zanellai,126.571534
161,Parahelicoprion spp.,124.257648
162,Dire Wolf (pack of 10- 12),124.093607
163,White Rhinoceros,123.855923
164,Lioness (pride of 4),117.771828
165,Astrapotherium magnum,117.646701
166,Skorpiovenator bustingorryi,117.099910
167,Amargasaurus cazaui,116.543975
168,Dunkleosteus terrelli,115.902009
169,Smilodon fatalis (coalition of 4),115.751953
170,Great White Shark,115.640274
171,Stegosaurus ungulatus,114.709323
172,Stegodon trigonocephalus,112.339963
173,Deinonychus antirrhopus (pack of 5/6),111.719548
174,Orca Cow (Ross Sea - Type C),110.382963
175,American Lion (Coalition of 2),109.128469
176,Rhomaleosaurus spp.,108.707221
177,Wapiti Lake Grey Wolf Pack,108.086527
178,Nasutoceratops titusi,107.370651
179,Parasaurolophus spp.,106.325274
180,African (Cape) Buffaloes (2),100.265081
181,Platybelodon spp.,100.241913
182,Hippopotamus (cow),99.943480
183,Lion (Coalition of 3),96.850106
184,Oxalaia quilombensis,95.696010
185,False Killer Whale,95.632107
186,Northwestern Wolf (Pack of 8),95.067533
187,Leedsichthys problematicus,94.662351
188,Lioness (pride of 6),94.227452
189,Smilodon populator (pride of 2),93.780057
190,Savuti Pride,92.435294
191,Zygophyseter varolai,91.649923
192,Megacerops coloradensis,91.105221
193,Long-finned Pilot Whale,90.484787
194,Rhoetosaurus brownei,88.401702
195,Smilosuchus gregorii,87.341607
196,Archaic Humans (group of 3 - 5) armed with spear,85.834729
197,Majungasaurus crenatissimus,85.307274
198,Lion (Coalition of 3/4),84.918826
199,Saurosuchus galilei,84.784662
200,Tylosaurus nepaeolicus,84.282825
201,Hippopotamus gorgops,83.433551
202,American Lion (Coalition of 4),83.393456
203,Afrovenator abakensis,81.774132
204,Epicyon haydeni (pack of 5),81.459183
205,Helicoprion clerci,80.982920
206,Erythrosuchus africanus,80.730341
207,Lisowicia bojani,77.032130
208,Deinonychus antirrhopus (pack of 4),76.825118
209,Palaeoloxodon mnaidriensis,76.016160
210,Sibotherium ka,75.954481
211,Northern Elephant Seal,75.405202
212,Saivodus striatus,74.943290
213,Pleistocene North American Jaguar,73.955499
214,Anteosaurus magnificus,73.186012
215,Asian Elephant (cow),72.850976
216,Rajasaurus narmadensis,72.019800
217,Prestosuchus chiniquensis,70.562014
218,Nanuqsaurus hoglundi,69.037309
219,Diprotodon optatum,67.827012
220,Gorgosaurus libratus (pack of 2 -3),67.745565
221,Sinraptor dongi,66.021584
222,Pacific Walrus,66.020977
223,Dorudon serratus,66.009420
224,Carbonemys cofrinii,65.575254
225,Edmontosaurus Annectens,64.746394
226,Chilotherium wimani,63.739131
227,Rhizodus hibberti,63.034594
228,False Killer Whale (cow),62.961783
229,Black Rhinoceros,60.636246
230,Gorgosaurus libratus,60.004142
231,Arctodus simus,59.754300
232,Spotted Hyenas (clan of 6-8),59.385716
233,Utahraptor ostrommaysorum (pack of 2),58.900475
234,Ceratosaurus nasicornis,58.730339
235,Kentrosaurus aethiopicus,58.404264
236,Wood Bison (herd of 3),57.317288
237,Iguanodon bernissartensis,56.990961
238,Smilodon populator (pride of 4),56.951378
239,Hippopotamus,56.475575
240,Steppe Brown Bear,56.471323
241,Metriacanthosaurus parkeri,56.453968
242,Short-finned Pilot Whale,55.821652
243,Estemmenosuchus uralensis,55.742073
244,Alectrosaurus olseni,55.591915
245,Asiatic Lion (coalition of 2),55.528429
246,Daeodon shoshonensis,55.491474
247,Smilodon populator (coalition of 2),55.484602
248,Saltwater Crocodile,55.476312
249,African (Cape) Buffaloes (Herd of 4),54.858072
250,Lion (Coalition of 2/3),54.654025
251,Lion (Coalition of 4),54.591026
252,African Lion (Coalition of 2),54.018285
253,Simbakubwa kutokaafrika,53.932779
254,Carnotaurus sastrei,52.586971
255,African (Cape) Buffalo (herd of 3),52.231517
256,Arctodus simus (sow),52.016284
257,Jefferson's Ground Sloth,51.276701
258,Arctotherium angustidens,51.099911
259,Lion (Coalition of 2),50.985062
260,African (Cape) Buffalo (herd of 4),50.593705
261,Salmon Shark (salmon/river battle),50.320348
262,Siamotyrannus isanensis,50.299317
263,Antarctic (Southern) Minke Whale,49.342871
264,Gargoyleosaurus parkpinorum,49.201567
265,Aurochs,49.030790
266,Titanoboa cerrejonensis,48.641611
267,Edmontosaurus annectens,48.385734
268,Thanos simonattoi,48.026741
269,European Cave Bear,47.157646
270,Smok wawelski,47.047238
271,Megaraptor namunhuaiquii,46.771631
272,Greenland Shark,46.045453
273,Tenontosaurus tilletti,45.512075
274,Megalochoerus khinzikebirus,45.247400
275,Giant (Long-horned) Bison,45.050076
276,Pelorovis antiquus,44.306297
277,Dhole (Pack of 12),44.247926
278,Cryolophosaurus ellioti,43.915457
279,Dholes (Large Pack),43.852793
280,Shaochilong maortuensis,43.619280
281,Agriotherium africanum,43.320211
282,Bull Shark (in shallow water),43.202698
283,Aletopelta coombsi,42.642209
284,Machairodus lahayishupup,42.562096
285,Spotted Hyenas (clan of 4),42.545879
286,Epicyon haydeni (pack of 4),42.303688
287,Utahceratops gettyi,42.282693
288,Harlan's Ground Sloth,41.912792
289,Southern Elephant Seal,41.869136
290,Spotted Hyenas (clan of 10),41.412699
291,West African Lion,40.414482
292,Giant (Short-faced) Hyena (clan of 3),40.181910
293,Teratophoneus curriei,38.511180
294,Nile Crocodile,38.130171
295,Polar Bear,37.655298
296,Atlantic Walrus,36.902839
297,Lioness (pride of 2),36.616779
298,Gigantoraptor erlianensis,36.313412
299,Great White Shark (male),36.143897
300,Hesperosaurus mjosi,36.124959
301,Lion (coalition of 5),35.990273
302,Dire Wolf (pack of 5),35.843247
303,Tiger Shark,35.668912
304,Andrewsarchus mongoliensis,35.591982
305,Grey Wolf (pack of 10),35.324715
306,Pleistocene Polar Bear,35.140727
307,Metamynodon planifrons,34.885066
308,Megalania prisca,34.420368
309,Teratosaurus spp.,34.130276
310,Smilodon populator,33.866219
311,Sarkastodon mongoliensis,33.748240
312,Utahraptor ostrommaysorum,33.437496
313,Amphicyon ingens,33.042169
314,Tapinocephalus atherstonei,32.738217
315,Spotted Hyenas (clan of 5/6),32.296835
316,Acrophyseter deinodon,31.848716
317,Baryonyx walkeri,31.783037
318,Megistotherium osteothlastes,31.324113
319,Leptosuchus spp.,31.315390
320,Pygmy Mammoth,31.131044
321,Dire Wolf (pack of 8),30.879623
322,Inostrancevia alexandri,30.875932
323,Dromornis stirtoni,30.704278
324,Arctic Wolf (Pack of 8-10),30.555800
325,Coastal Brown Bear,29.964944
326,Florida Black Bear,29.857801
327,American Bison,29.415312
328,Xenosmilus hodsonae,29.370917
329,Whale Shark,29.262544
330,Mylodon darwini,28.250766
331,Ekrixinatosaurus novasi,28.126960
332,Machairodus horribilis,28.052821
333,Plains Bison,27.797665
334,Tiger,27.745517
335,Indian Gaur,27.554914
336,Herrerasaurus ischigualastensis,27.288074
337,Archelon ischyros,26.943345
338,Kodiak Bear,26.830861
339,Western Gorilla (troop of 3),26.817574
340,Megalochelys atlas,26.805520
341,Lion (Pride of 10),26.662555
342,European Hippopotamus,26.478628
343,Borneo Pygmy Elephant,26.119226
344,Giant (Short-faced) Hyena (clan of 5),26.086176
345,Equus giganteus,26.036963
346,Percrocuta spp. (clan of 4/5),25.984462
347,Walrus,25.197198
348,Giraffe,25.087709
349,Grey Wolf (Pack of 8/9),25.008365
350,Barbourofelis fricki,24.845873
351,American Lion,24.732763
352,Phoberomys pattersoni,24.624373
353,Northwestern Wolf (pack of 7/8),24.578048
354,African Wild Dog (pack of 12),24.497003
355,Dire Wolves (pack of 3),24.298828
356,Sumatran Rhinoceros,24.284903
357,Quinkana fortirostrum,23.480521
358,Quercylurus major,23.214049
359,Postosuchus kirkpatricki,23.086910
360,Smilodon fatalis,22.961718
361,Aurochs (Pleistocene),22.885825
362,Inland Grizzly Bear,22.874026
363,Grey Wolves (pack of 3),22.624363
364,Sivatherium giganteum,22.310694
365,Xiphiorhynchus rotundus,22.005988
366,(Wild) Water Buffalo,21.999025
367,Rugops primus,21.780835
368,Dakotaraptor steini,21.535492
369,Epicyon haydeni (pack of 3),20.860368
370,Mourasuchus amazoniensis,20.537389
371,Wood Bison,20.532622
372,Alioramus remotus,20.263024
373,Neanderthals (3) (armed with spears),20.085715
374,Pseudocyon sansaniensis,19.796584
375,Southern Bottlenose Whale,19.723902
376,Deinonychus antirrhopus (pack of 3/4),19.689276
377,American Crocodile,19.614421
378,Ussuri Brown Bear,19.571124
379,Grey Wolf (Pack of 3/4 adults),19.325374
380,Narwhal,19.319452
381,Megalosaurus bucklandii,19.270188
382,Irish Elk,19.222574
383,Western Moose,19.105491
384,Alaskan Penisula Brown Bear,19.101946
385,Broad-fronted Moose,18.747648
386,Smilodon fatalis (female),18.662790
387,Dhole (Pack of 10),18.399554
388,Florida Short-faced (Cave) Bear,18.349238
389,Dinofelis spp.,18.315608
390,Gigantopithecus blacki (coalition of 2),18.207089
391,Asiatic Lioness (pride of 2),18.038174
392,Shortfin Mako Shark,17.877150
393,Spotted Hyenas (clan of 6),17.856420
394,Grey Wolf (Pack of 5),17.530861
395,Pleistocene Jaguar,17.502431
396,Ophthalmosaurus icenicus,17.459682
397,Ancient Bison,17.443294
398,Kerberos langebadreae,17.308333
399,Mastodonsaurus spp.,17.238391
400,Steller's (Northern) Sea Lion,17.049247
401,American Alligator,16.993972
402,Polar Bear (sow),16.912058
403,Orca (female),16.865216
404,Kamchatka Brown Bear,16.671328
405,Giant Beaver,16.621636
406,Syrian Brown Bear,16.531086
407,Rubidgea atrox,16.471496
408,Pacific Sleeper Shark,16.421458
409,African Wild Dog (pack of 8),16.301432
410,Barbary Lion,16.024009
411,Aurochs (Holocene),16.009390
412,Lion,15.988556
413,Hyaenodon gigas,15.987219
414,European Jaguar,15.863335
415,Amphicyon frendens,15.778914
416,Woods Bison,15.613429
417,Broad-fronted (Giant) Moose,15.449504
418,Dinocrocuta gigantea (clan of 3),15.404186
419,Atlas Bear,15.306814
420,Ngandong Tiger,15.285969
421,Gaur,15.213038
422,American Scimitar,15.172985
423,Orinoco Crocodile,15.150685
424,Megantereon cultridens,15.069685
425,Brown Hyena (clan of 2),15.032736
426,Grizzly Bear,15.002422
427,Wanhsien Tiger,14.904597
428,Kubanochoerus gigas,14.778733
429,Tibetan Mastiffs(2),14.696073
430,African (Cape) Buffalo,14.624242
431,Wild Yak,14.608791
432,Kodiak bear,14.565477
433,Arabian Wolf (pack of 5/6),14.395716
434,Glyptodon clavipes,14.186138
435,Amphicyon major,14.138739
436,Achillobator giganticus,14.034806
437,Spotted Hyena (clan of 3),13.993436
438,Sillosuchus longicervix,13.813559
439,Neovenator salerii,13.790716
440,Dilophosaurus wetherilli,13.774523
441,Dakosaurus maximus,13.724486
442,Arctic Wolf (Pack of 2),13.582875
443,Deuterosaurus spp.,13.543648
444,Harpagolestes immanis,13.482774
445,Grey Wolf (Pack of 4),13.450458
446,Eurasian Brown Bear,13.437368
447,Mexican Grizzly Bear,13.324879
448,Trinil Tiger,13.314242
449,Bluntnose Sixgill Shark,13.310034
450,Shortfin Mako,13.266898
451,European Scimitar,13.170427
452,Megantereon whitei,13.138349
453,Interior Grizzly Bear,12.911745
454,East Siberian Brown Bear,12.895350
455,Epicyon haydeni (pack of 2),12.865854
456,Basking Shark,12.835587
457,Proborhyaena gigantea,12.828688
458,Chianina,12.816479
459,Ischigualastia jenseni,12.708691
460,Northwestern Wolf (pack of 2),12.670243
461,Iberian (Spanish) Fighting Bull,12.545652
462,Atlantic Blue Marlin,12.395303
463,Southern Elephant Seal (cow),12.225213
464,Giant (Short-faced) Hyena (clan of 4),12.221624
465,Dire Wolf (pack of 2),12.115205
466,Cyldesdale (Draught Horse),11.948158
467,Bully Kuttas (3),11.924277
468,Grey Wolf (Pack of 4/5),11.847013
469,Pelorovis spp.,11.728233
470,Banteng,11.721731
471,Alaskan Moose,11.672152
472,Collared Peccary (Javelina) (pack of 4),11.648740
473,Elasmosaurus platyurus,11.582678
474,Rauisuchus tiradentes,11.561276
475,Marshosaurus bicentesimus,11.395906
476,Amphimachairodus kabir,11.336584
477,Gryposuchus croizati,11.313209
478,Kodiak Bear (sow),11.299637
479,Cinnamon Black Bear,11.145055
480,Eremotherium spp.,11.096971
481,Dogo Argentino (pack of 3/4),11.076999
482,Caucasian Shepherd Dogs (2),11.066795
483,Clymene (Short-snouted Spinner) Dolphin,11.020243
484,Cheetah (coalition of 4),10.989633
485,Northwestern Wolf (pack of 6),10.965401
486,Xiphactinus audax,10.943030
487,Brown Bear,10.941205
488,Eurasian Cave Lion,10.929229
489,Grey Wolf (Pack of 6),10.912813
490,Common Chimpanzee (troop of 15),10.843575
491,Velociraptor mongoliensis (pack of 12),10.843575
492,European Bison (Wisent),10.809572
493,Josephoartigasia monesi,10.786954
494,Natodomeri Lion,10.719581
495,Eastern Gorilla (troop of 3 - 4),10.647511
496,Swordfish,10.646464
497,Gastornis gigantea (2),10.610901
498,Monolophosaurus jiangi,10.599571
499,Walrus (Bull),10.580021
500,Shire Horse,10.520752
501,Giant Otter Romp (5 - 6),10.482176
502,Europasaurus holgeri,10.478044
503,Orkoraptor burkei,10.473429
504,Bengal Tigress,10.467179
505,Giant Otter Romp (8),10.346725
506,Pygmy Sperm Whale,10.345579
507,Gigantophis garstini,10.292732
508,Cave Hyena (clan of 2),10.248482
509,Siberian Tiger,10.160022
510,Dinocrocuta gigantea,10.151464
511,Black Caiman,10.133492
512,Aucasaurus garridoi,10.062848
513,Beluga,9.872164
514,Indochinese Tiger,9.851991
515,Archaeotherium mortoni,9.827138
516,Patagonian Panther,9.810244
517,Himalayan Black Bear,9.740847
518,Rhabdodon spp.,9.710336
519,Mugger (Marsh) Crocodile,9.643466
520,Early Middle Pleistocene European Cave Lion,9.576095
521,Eastern Gorilla (coalition of 3),9.516152
522,Holmesina septentrionalis,9.311100
523,Batrachotomus kupferzellensis,9.266705
524,Bengal Tiger,9.140624
525,Hatzegopteryx thambema,9.100397
526,African Lion,9.025130
527,Dire Wolf (pack of 3),8.941891
528,Marsupial Lion,8.889745
529,Nile Crocodile (female),8.718931
530,Bull Shark,8.656241
531,Gojirasaurus quayi,8.650955
532,Archaeoindris fontoynonti (2),8.643852
533,Cymbospondylus buchseri,8.457706
534,African Wild Dog (pack of 10),8.450872
535,Grizzly Bear (sow),8.189014
536,European Ice Age Leopard,8.096475
537,Proterosuchus spp.,8.041078
538,Ussuri Brown Bear (sow),8.007185
539,Morelet's Crocodile,7.995064
540,Asiatic Lion,7.953600
541,Himalayan Brown Bear,7.850166
542,Belgian Blue,7.740679
543,Barren Ground Grizzly Bear,7.646187
544,Western Lowland Gorilla (male troop of 2),7.610603
545,Northwestern Wolf (pack of 2/3),7.577099
546,Spotted Hyenas (clan of 3),7.556156
547,Quetzalcoatlus northropi,7.534744
548,Armadillosuchus arrudai,7.508153
549,Pachycephalosaurus wyomingensis,7.497395
550,Moros intrepidus (pack of 2),7.436795
551,Snow Leopard (mating pair),7.435177
552,Kaprosuchus saharicus,7.322328
553,Chapalmalania altaefrontis,7.311762
554,Tiger Shark (female),7.290506
555,Lioness,7.288510
556,Enhydriodon omoensis,7.164507
557,Saltwater Crocodile (cow),7.089738
558,Caspian Tiger,7.069165
559,Brontornis burmeisteri,7.038555
560,Trochosuchus acutus,7.017213
561,Leopard Seal,7.010603
562,Gallimimus bullatus,6.985130
563,Akita Inu (pack of 5),6.938073
564,Dhole (Pack of 6),6.938073
565,Dire Wolves (pack of 2),6.798629
566,Placerias hesternus,6.741163
567,Bactrian Camel,6.652503
568,Kelenken guillermoi,6.599787
569,Common Eland,6.463158
570,Barylambda faberi,6.438851
571,Alano Espa ols (2),6.429311
572,Longdan Tiger,6.421761
573,Spotted Hyena (clan of 2),6.386629
574,Tibetan Blue Bear,6.350499
575,African (Cape) Buffalo (cow),6.327097
576,Siberian Tigress,6.096646
577,Dromedary (Arabian) Camel,6.095562
578,Pygmy Killer Whale,6.071868
579,Sumatran Tigress,6.009130
580,Black Caiman (cow),5.958171
581,Eastern Gorilla (coalition of 2),5.909426
582,Great Hammerhead Shark,5.884446
583,African Lioness,5.881160
584,Nguni (Bull),5.846744
585,Haida Gwaii Black Bear,5.842613
586,Bali Tigress,5.801275
587,Caucasian Shepherd Dogs (5),5.741238
588,Brown Hyena (clan of 3),5.725519
589,Grevy's (Imperial) Zebra,5.693029
590,Sri Lankan Sloth Bear,5.632982
591,Muskox,5.627613
592,Epicyon haydeni,5.606365
593,African Forest Buffalo,5.593704
594,Shasta Ground Sloth,5.579904
595,Orca (Transient female),5.567623
596,Giant Freshwater Stingray (whipray),5.564627
597,Thalassocnus spp.,5.559902
598,American Black Bear,5.553838
599,African Wild Dog (pack of 5),5.548144
600,Porbeagle Shark,5.547078
601,Grey Wolf (pack of 3),5.546873
602,Asiatic Black Bear,5.544688
603,North American Jaguar,5.522532
604,Giant Warthog,5.445949
605,Neanderthal (armed with a spear),5.423935
606,Cuban Crocodile,5.420077
607,Indarctos oregonensis,5.417784
608,Black Marlin,5.406647
609,Archaic Human (armed with spear),5.363077
610,Clidastes propython,5.344321
611,Ichthyosaurus somersetensis,5.337502
612,Minmi paravertebra,5.333875
613,Gigantopithecus blacki,5.328145
614,Rottweilers (8),5.291358
615,Entelodon spp.,5.290874
616,Asiatic Lioness,5.269916
617,Water Buffalo,5.251417
618,Red Wolf (pack of 3),5.237017
619,Common Bottlenose Dolphin,5.206461
620,Malayan Tigress,5.186053
621,Cheetah (coalition of 3),5.127692
622,Smilodon gracilis,5.107413
623,Anzu wyliei,5.071891
624,Salmon Shark,5.040752
625,Ankalagon saurognathus,4.943254
626,Sumatran Tiger,4.942298
627,Jaguar,4.938265
628,Oceanic Whitetip Shark,4.914178
629,Blue Jay,4.904529
630,Collared Peccary (Javelina) (pack of 6),4.863320
631,Longfin Mako Shark,4.862923
632,Siamese Crocodile,4.791596
633,Jaguaress,4.787570
634,Dogo Argentino (pack of 5),4.717905
635,Highland Cattle Bull,4.689165
636,Arizonasaurus babbitti,4.687531
637,Protocyon troglodytes (pack of 2),4.668755
638,Brachycrus spp.,4.653148
639,Tibetan Mastiff (pack of 5),4.648135
640,Titanis walleri,4.615354
641,Dhole (Pack of 4/5),4.601769
642,Central Asian Shepherd Dog (Alabai) (pack of 3),4.554023
643,Pantanal Jaguar,4.501975
644,Pygmy Hippopotamus,4.495032
645,Ussuri Wild Boar,4.489810
646,Olive Baboon (Troop of 5),4.478315
647,Dimetrodon grandis,4.453901
648,Baikal Seal,4.445498
649,Megapiranha paranensis (shoal of 5),4.405421
650,Neapolitan Mastiffs (2),4.400046
651,Mexican Wolf (pack of 3),4.382683
652,Gobi Bear,4.359084
653,Western Lowland Gorilla,4.355345
654,South American Sea Lion,4.354320
655,California Sea Lion,4.344731
656,Barbourofelis morrisi,4.334996
657,Przewalski's Horse,4.304250
658,Dogo Argentino (pack of 6-8),4.272388
659,Grey Wolves (pack of 2),4.225578
660,Colossal Squid,4.223515
661,Risso's Dolphin,4.194840
662,Eastern Lowland Gorilla,4.180266
663,Northwestern Wolf (pack of 7),4.123039
664,Central Asian Shepherd Dog (Alabai) (pack of 6),4.074277
665,(YNP) Cinnamon Black Bear,4.056382
666,African Wild Dog (pack of 4),4.018187
667,European (German) Wasp,4.001337
668,White Sturgeon,3.970173
669,Gemsbok,3.963209
670,Ambulocetus natans,3.920262
671,Smalltooth Sawfish,3.878481
672,Timurlengia euotica,3.865306
673,Steppe Wolf (pack of 2),3.835091
674,Spotted Hyena (female),3.820929
675,Dhole (Pack of 3/4),3.817257
676,Giant Eland,3.784362
677,Roosevelt Elk,3.784001
678,Giant Forest Hog,3.783937
679,Sloth Bear,3.771869
680,Onchopristis numida,3.689111
681,Cantabrian Brown Bear,3.682539
682,Cave Hyena,3.658967
683,Striped Hyena (clan of 3),3.621013
684,Tibetan Mastiff (pack of 3),3.546378
685,Cape Mountain Zebra,3.545861
686,Asiatic Wild Ass (Onager),3.488498
687,Dhole (Pack of 5),3.482193
688,Spotted Hyenas (clan of 2),3.392785
689,Albanosmilus jourdani,3.350671
690,Piraiba,3.347543
691,Bali Tiger,3.344492
692,Okapi,3.340565
693,African Crowned Eagle (male),3.307925
694,Ussuri Black Bear,3.278905
695,Western Gorilla,3.261782
696,Ganges River Dolphin,3.260888
697,Northwestern Wolf (pack of 3),3.257826
698,Philippine (Mindoro) Crocodile,3.250709
699,Common Chimpanzee (troop of 6),3.233889
700,Dinofelis piveteaui,3.204685
701,Neanderthal (with spear),3.195026
702,Savannah Cat,3.183180
703,Kolponomos spp.,3.182856
704,Ethiopian Wolf (Simian Jackal),3.122798
705,Rottweilers (4),3.005989
706,Zuniceratops christopheri,3.002206
707,Giant (Short-faced) Hyena (clan of 2),2.995579
708,Mexican Jaguar,2.956710
709,Sri Lankan Leopard,2.939369
710,House Mouse,2.925130
711,Dogo Argentino (pack of 3),2.870660
712,Pleistocene Cougar,2.862948
713,Bold Jumping Spider,2.824014
714,Silvertip Shark,2.801144
715,Eurasian Wolf (pack of 2),2.797000
716,Grey Wolf (Pack of 2),2.774836
717,Syrian Brown Bear (sow),2.760420
718,European Elk,2.751859
719,Deinonychus antirrhopus,2.738945
720,Thylacosmilus atrox,2.728907
721,Neanderthal (armed),2.712343
722,Deinonychus antirrhopus (pack of 2),2.712343
723,South Asian River Dolphin,2.712343
724,Collared Peccary (Javelina) (squadron of 6),2.696914
725,Takin,2.694077
726,O'Halloran Hounds (2),2.683700
727,Tamaraw (Mindoro Pygmy Buffalo),2.678364
728,American Black Bear (sow),2.644702
729,Tule Elk,2.640213
730,Leopard,2.635484
731,Secodontosaurus obtusidens,2.630728
732,Leopard (male),2.623722
733,Cougar,2.616211
734,Giant Blue Robber Fly,2.583519
735,House Pseudoscorpion,2.583519
736,Pike Pirahna,2.583519
737,Striped Dolphin,2.583519
738,Australian Emporer Dragonfly,2.579004
739,False Gharial,2.530160
740,Maraapunisaurus fragillimus,2.530049
741,Kiang,2.493343
742,Giant Teratorn (flock of 3),2.478913
743,Phorusrhacos longissimus,2.469479
744,Wild Horse,2.469014
745,Giant (Short-faced) Hyena,2.457366
746,Proterosuchus fergusi,2.452062
747,Bald-faced Hornet,2.440555
748,Sable Antelope,2.418056
749,Megalictis ferox,2.404336
750,Koolasuchus cleelandi,2.392173
751,Indo-Pacific Bottlenose Dolphin,2.336680
752,African Leopard,2.332010
753,Spectacled Bear,2.326966
754,Lioness (pride of 5 -7),2.322280
755,Kangals (3),2.308524
756,Common Kestrel,2.306392
757,Painted Moray,2.306392
758,Eurasian Wolf (Dog),2.306392
759,Giant Devil (Goonch) Catfish,2.306392
760,Mountain Tapir,2.266009
761,Coyote (pack of 4/5),2.264678
762,Cheetah (coalition of 5),2.264245
763,Eastern Gorilla,2.259564
764,Basilosaurus spp.,2.238082
765,Nile Crocodile (Cow),2.238082
766,Mountain Zebra,2.220100
767,Ohmdenosaurus liasicus,2.219956
768,European Cave Bear (sow),2.218781
769,Morelet s Crocodile,2.211292
770,Persian Leopard,2.179511
771,Bullockornis planei,2.178639
772,Sambar Deer,2.178557
773,Dark Mantis Shrimp,2.176727
774,Australian Freshwater Crocodile,2.167734
775,Macrauchenia patagonica,2.162265
776,Eastern Subterranean Termite (Soldier),2.158508
777,Indochinese Leopard,2.157194
778,Dogo Argentinos (2),2.151484
779,Dogo Argentino (pack of 6),2.143300
780,Western Camel,2.141913
781,African Wild Dog (pack of 3),2.112170
782,Plains (Common) Zebra,2.106383
783,Mountain Gorilla,2.105461
784,Homo floresiensis (unarmed),2.097869
785,Chacma Baboon (troop of 6),2.094863
786,Bucktooth Tetra,2.089024
787,Crown-of-Thorns Starfish,2.089024
788,Portuguese Man o' War,2.089024
789,Ravine Trapdoor Spider,2.089024
790,Stone (Brown) Centipede,2.089024
791,Yellow-throated Martens (richness of 3/4),2.089024
792,Brazilian Porcupine,2.089024
793,Cretan Dwarf Mammoth,2.089024
794,West African Lungfish,2.089024
795,Florida Panther,2.054685
796,German Shepherds (3),2.048664
797,African Wild Dog (pack of 8 - 10),1.998586
798,Brazilian Dogo (pack of 4),1.996915
799,Western Scrub Jay,1.991481
800,Owen's Panther,1.981969
801,Boerboels (2),1.981708
802,Central American Snapping Turtle,1.975533
803,Amur Leopard,1.964679
804,Cheetah (female),1.956500
805,Dire Wolf (Eastern subspecies),1.954558
806,Spotted Hyena (Serengeti male),1.922480
807,Nilgai,1.905887
808,Komodo Dragon,1.894772
809,Common Green Darner,1.892023
810,Sandbar Shark,1.887427
811,Largetooth Sawfish,1.872326
812,European Hornet,1.870064
813,North American Cougar (female),1.844609
814,Kermode Bear,1.840396
815,Percrocuta spp.,1.827129
816,Spotted Hyenas (2),1.826865
817,Dingo (pack of 5),1.820204
818,Einiosaurus procurvicornis,1.818018
819,Giant Asian Mantis,1.818018
820,Tosa Inus (3),1.817278
821,Eastern Pondhawk,1.813747
822,Brazilian Wandering Spider,1.811557
823,Carrion Crow (murder of 3),1.811557
824,European Sturgeon (Beluga),1.811557
825,Gray Four-eyed Opossum,1.811557
826,Meraxes gigas,1.811557
827,Smooth Newt,1.811557
828,South China Tiger,1.811557
829,Barbary Stag,1.811557
830,Blue Petrel,1.811557
831,Omus dejeani,1.811557
832,Common Chimpanzee (troop of 5),1.809129
833,Caucasian Shepherd Dogs (6),1.781630
834,Mapusaurus roseae (Pack of 7),1.760488
835,Great Tit,1.756105
836,Asiatic Black Bear (sow),1.755507
837,Mountain Lioness,1.739904
838,American Mammoth Jackstock (Donkey),1.736879
839,Ysengrinia spp.,1.736879
840,Devil's Coach-horse Beetle,1.731068
841,Manticora imperator,1.728240
842,Microleo attenboroughi,1.728240
843,Spiny Dogfish,1.728240
844,Green Anaconda,1.720364
845,Wild Boar,1.693783
846,Shiras' Moose,1.689292
847,Arabian Fat-tailed Scorpion,1.680150
848,Mexican Jaguaress,1.674889
849,Presa Canarios (2),1.669061
850,African Golden Wolves (pack of 4),1.653843
851,Cougar (male from New Mexico),1.646836
852,Iriomote Cat,1.645784
853,Alaskan Moose (cow),1.643265
854,Prairie Yellowjacket,1.643265
855,Two-spotted Ground Beetles (2),1.643265
856,Bengal Cat,1.643265
857,Cynthiacetus maxwelli,1.643265
858,Epomis dejeani,1.643265
859,European Badger,1.643265
860,Lythronax argestes,1.643265
861,White-lipped Peccary (group of 2/3),1.642208
862,Bongo,1.640239
863,Blikanasaurus cromptoni,1.636733
864,Bullet Ant,1.621937
865,Inostrancevia latifrons,1.620002
866,Burrunan Dolphin,1.611678
867,Otodus auriculatus,1.605948
868,Texas Brown Tarantula,1.605948
869,Mountain Anoa,1.590777
870,Bobbit Worm,1.578799
871,Collared Peccary (Javelina) (pack of 3),1.571318
872,Peacock Mantis Shrimp,1.570415
873,Sri Lankan Sloth Bear (sow),1.569412
874,Sand Tiger (Grey Nurse) Shark,1.567662
875,Indian Gharial (Gavial),1.549994
876,Black Wildebeest (White-tailed Gnu),1.543852
877,White-lipped Peccary (group of 5),1.541488
878,Australian Box Jellyfish (Sea Wasp),1.535891
879,Eastern Gorilla (Silverback),1.535181
880,Cougar (female),1.525838
881,Giant Vinegaroon,1.499453
882,Lion (Coalition of 5),1.499453
883,Spotted Hyena (clan of 4),1.499254
884,Brazilian Puma,1.499060
885,Spectacled Caiman (female),1.499060
886,Giant Anteater (female),1.499060
887,Hesperocyon spp. (pack of 2),1.497083
888,Boomslang,1.497083
889,Microtityus jaumei,1.497083
890,Water Bug,1.497083
891,Rocky Mountain Elk,1.494999
892,Ankylorhiza tiedemani,1.493186
893,Geosaurus spp.,1.493186
894,Grey Butcherbird,1.493186
895,Hemicyon sansaniensis,1.493186
896,Brown (Norway) Rat (female),1.493186
897,Concavenator corcovatus,1.493186
898,Cretan Deer,1.493186
899,Eastern Screech Owl,1.493186
900,Hurdia victoria,1.493186
901,New Guinea Crocodile,1.493186
902,Odontomachus monticola,1.493186
903,Prairie Yellowjackets (6),1.493186
904,Spotted Eagle Ray,1.485947
905,Giant Cheetah,1.476842
906,Homo erectus (armed with spear),1.475918
907,American Cheetah,1.460963
908,Etruscan Shrew,1.460022
909,Running Hyena,1.449414
910,Giant Teratorn (flock of 2),1.449307
911,Cheetah (coalition of 3/4),1.443280
912,Greater Kudu,1.442834
913,Dire Wolf,1.441244
914,Plionarctos edensis,1.436534
915,Common Quail,1.427523
916,Amazon (Boto) River Dolphin,1.424974
917,Homo floresiensis (group of 4) (armed with clubs),1.424365
918,Lake Darner,1.422334
919,Hyneria lindae,1.420017
920,Giant Squid,1.415530
921,Argali (Mountain Sheep),1.407646
922,American Scimitar (coalition of 2),1.403014
923,Red-Bellied Piranha,1.397349
924,Common Chimpanzee (troop of 3),1.394682
925,Northern Caiman Lizard,1.389632
926,English Mastiffs (2/3),1.386512
927,Green Tiger Beetle,1.381706
928,Atlantic Goliath Grouper Fish,1.376841
929,Giant Otter Romp (3),1.370511
930,Spotted Hyena,1.359449
931,Auvergne Bear,1.357239
932,Harp Seal,1.354602
933,Sun Bear,1.348625
934,Rainbow Lorikeet,1.345416
935,Lappet-faced Vultures (venue of 5),1.342128
936,Velociraptor mongoliensis (pack of 4),1.333488
937,Simocyon batalleri,1.323236
938,Wolf Cichlid,1.323130
939,Indian Boar,1.322492
940,Dogo Argentino (pack of 2),1.316473
941,Macroeuphractus outesi,1.314168
942,Fila Brasileiro (Pack of 3),1.310883
943,Glacier Bear,1.307733
944,Ruby-throated Hummingbird,1.289125
945,Dwyer's Snake,1.288047
946,Water Deer,1.288047
947,Great Diving Beetle,1.288047
948,Argentinosaurus huinculensis,1.279323
949,Suskityrannus hazelae,1.272017
950,Elk,1.265192
951,Snow Leopardess,1.263472
952,Haast's Eagles (2),1.261699
953,Humans (2),1.256312
954,Roan Antelope,1.255410
955,Livestock Gaurdian Donkey,1.251088
956,Spotted Hyena (male),1.247637
957,Giant Triton,1.244509
958,Kangals (2),1.237295
959,Himalayan Wolves (pack of 2 - 3),1.237271
960,African Wild Ass,1.235927
961,Northwestern Wolf (pack of 5),1.228257
962,Sloth Bear (sow),1.211891
963,Blackspot Shark,1.211891
964,Jaragua Dwarf Gecko,1.211891
965,Chacma Baboon (troop of 5),1.206565
966,American Bulldogs (pack of 3),1.204922
967,Blue (Common) Wildebeest,1.200250
968,Cookiecutter Shark,1.187811
969,Fire Salamander,1.187811
970,Southern River Otter,1.187811
971,Cyprus Dwarf Elephant,1.184360
972,African Tigerfish,1.171376
973,Indian Wolf (pack of 3/4),1.167895
974,Giant Panda,1.164612
975,Pleistocene African Lion,1.164208
976,Nimravus brachyops,1.162203
977,Coyote (pack of 4),1.157068
978,Red Deer,1.155172
979,Lesser Stripetail Scorpion,1.152324
980,Daphoenodon spp.,1.146011
981,Sauroposeidon proteles,1.141104
982,Neanderthal (unarmed),1.140922
983,Dhole (Pack of 6/7),1.121927
984,American Foxhound (pack of 4),1.120569
985,Velociraptor mongoliensis (pack of 3),1.116411
986,Boverisuchus magnifrons,1.111960
987,Thylacine (hunting pair),1.106556
988,Lappet-faced Vulture (venue of 3),1.103383
989,African Rock Python,1.095502
990,Bush Dog (pack of 8),1.083917
991,Red Bull Ant,1.081137
992,Komodo Dragon (male),1.080047
993,Indian Leopard,1.078420
994,Tosa Inus (2),1.073336
995,Cowtail Stingray,1.071088
996,Liliensternus liliensterni,1.069626
997,Brazilian she-Puma,1.066171
998,Giant Short-faced Kangaroo,1.061739
999,(Eastern) Black Carpenter Ant,1.053452
1000,African Crowned Eagle (female),1.053452
1001,Alaskan Moose (bull),1.053452
1002,Arizona Bark Scorpion,1.053452
1003,Atlantic Sailfish,1.053452
1004,Australian (Common) Blue-tongued Skink,1.053452
1005,Beringian Wolf,1.053452
1006,Bluff Downs Giant Python,1.053452
1007,Bornean Tiger,1.053452
1008,Eastern Barred Bandicoot,1.053452
1009,Eodromaeus murphi,1.053452
1010,Eoraptor lunensis,1.053452
1011,Eurasian Hoopoe,1.053452
1012,European Bee-eater,1.053452
1013,European Green Woodpecker,1.053452
1014,European Hedgehog,1.053452
1015,Giant Green Anemone,1.053452
1016,Greater Banded Hornet,1.053452
1017,Green Kingfisher,1.053452
1018,Harpy Eagle (male),1.053452
1019,Land Mullet,1.053452
1020,Lion's Mane Jellyfish,1.053452
1021,Miracinonyx trumani,1.053452
1022,Mountain Bluebird (flock of 5),1.053452
1023,North American Wheel Bug,1.053452
1024,Pterygotus grandidentatus,1.053452
1025,Sambir Lion,1.053452
1026,Shining Bronze-cuckoo,1.053452
1027,Six-spot Ground Beetle,1.053452
1028,Tartarocyon cazanavei,1.053452
1029,Titanophoneus potens,1.053452
1030,Titanosuchus ferox,1.053452
1031,Wood Bison (cow),1.053452
1032,Magnificent Sea Anemone,1.024774
1033,Atlantic Portuguese Man o' War,1.024402
1034,Tibetan Mastiffs (2),1.006681
1035,Plains (Common) Zebra (Stallion),1.005138
1036,Kangals (5),1.003318
1037,Rottweilers (3),1.003263
1038,Bipalium kewense,1.000456
1039,Vaquita,0.999544
1040,Himalayan Wolf (pack of 2),0.998818
1041,Mbu Puffer,0.998772
1042,Leopardess,0.998693
1043,American Bald Eagles (2),0.998494
1044,Ursavus elmensis,0.988863
1045,Giganotosaurus carolinii (pack of 3),0.972532
1046,Giant Otter Romp (2/3),0.968387
1047,Mandrill (coalition of 2),0.968013
1048,Eurasian Lynx (male),0.963834
1049,Red-footed Cannibalfly,0.963418
1050,Bearded (Square Flipper) Seal,0.959574
1051,Dhole (Pack of 3),0.959526
1052,Dhole (Pack of 4),0.959507
1053,Spotted Hyenas (clan of 5),0.953232
1054,Stone Centipede,0.942733
1055,Synoplotherium vorax,0.939196
1056,European Medicinal Leech,0.934291
1057,Guineafowl Puffer,0.934291
1058,Megapiranha paranensis,0.934291
1059,European Dwarf Mantis,0.931357
1060,Giant Forest Ant,0.930593
1061,Kitti's Hog-nosed Bat,0.929067
1062,Common Chimpanzee (troop of 2),0.917627
1063,Colorado Potato Beetle,0.915726
1064,Titan Triggerfish,0.915726
1065,Cantabrian Brown Bear (sow),0.915726
1066,Black Mouth Curs (2),0.912814
1067,Mishmi Takin,0.896942
1068,Neanderthal (both unarmed),0.889158
1069,Snow Leopard,0.885495
1070,Mangrove Snapper,0.884657
1071,Blue-eyed Darner,0.880336
1072,Cheetah (male),0.878342
1073,Cheetah (coalition of 2),0.877162
1074,Common Warthog (sow),0.876476
1075,Giant Trevally,0.874119
1076,Indian Crested Porcupine,0.866059
1077,Fang's Pufferfish,0.861584
1078,Australian Giant Mantis,0.861584
1079,Nuralagus rex,0.861584
1080,Oculudentavis khaungraae,0.860863
1081,Desert Warthog,0.860244
1082,Giant Grouper,0.859980
1083,Belgian Malinois (2),0.857735
1084,Dwarf Sperm Whale,0.855688
1085,Dromaeosauroides bornholmensis,0.852346
1086,Eastern Gorilla (female),0.852328
1087,African Wild Dog (pack of 2),0.851834
1088,Common Warthog,0.843433
1089,Ocellated Skink,0.834935
1090,Galgo Patagonico,0.834924
1091,Megarian Banded Centipede,0.833380
1092,Maine Coon Cat,0.833161
1093,Reticulated Python,0.824156
1094,Eurasian Wolf,0.821206
1095,Atlantic Torpedo,0.819252
1096,Iberian Wolf,0.818453
1097,Gastornis gigantea,0.807962
1098,Tundra Wolf,0.800860
1099,Blue Shark,0.798921
1100,Common Chimpanzee (troop of 4),0.796091
1101,Tusotheuthis longa,0.794444
1102,Wonambi naracoortensi,0.792730
1103,Steppe Bison,0.790983
1104,Staghounds (2),0.783367
1105,Red River Hog,0.781500
1106,East European Shepherds (2),0.780045
1107,Golden-ringed Dragonfly,0.776081
1108,Lowland Anoa,0.767764
1109,Asiatic Cheetah (coalition of 3 - 4),0.767104
1110,Sea Gooseberry,0.763835
1111,Alioramus altai,0.743217
1112,Balearic Islands Cave Goat,0.743217
1113,Black Rat (male),0.743217
1114,Eastern Grey Squirrel,0.743217
1115,Emerald Cuckoo Wasp,0.743217
1116,Hall's New Guinea Crocodile,0.743217
1117,Rosecone Cuttlefish,0.743217
1118,Texas Horned Lizard,0.743217
1119,Grey Shrikethrush (mated pair),0.743217
1120,Kyhytysuka sachicarum,0.743217
1121,Metriorhynchus brevirostris,0.743217
1122,Mukupirna nambensis,0.743217
1123,Brown Hyena,0.742924
1124,Goliath Tigerfish,0.741639
1125,Four-toed Hedgehog,0.741282
1126,Jack Jumper Ant,0.741282
1127,Predaceous Diving Beetle,0.741282
1128,Hyracotherium leporinum,0.741282
1129,Hyaenodon horridus,0.740615
1130,Giant Otter (Boar),0.740304
1131,Broad-snouted Caiman,0.740304
1132,Tasmanian Giant Crab (male),0.740304
1133,Chasmosaurus belli,0.740110
1134,Giant Black Camel Spider,0.740110
1135,Dinopithecus ingens (troop of 3),0.739060
1136,Little Fire Ants (2 - 3),0.738564
1137,Red Imported Fire Ant,0.733335
1138,African Leopard (Congo),0.722885
1139,Northwestern Wolf,0.716571
1140,Patriofelis ferox,0.716409
1141,Rhodesian Ridgebacks (2),0.708516
1142,Boston Terrier,0.708288
1143,Sun Bear (boar),0.707119
1144,Yacare Caiman,0.704474
1145,Brown Fur Seal,0.700168
1146,Borophagus parvus,0.697476
1147,Marimbondo-tatu,0.692114
1148,Western Black Widow Spider,0.692114
1149,Basilosaurus isus,0.691031
1150,Common Garter Snake,0.691031
1151,Rottweilers (2),0.690403
1152,Dingo (pack of 3/4),0.689785
1153,Arabian Leopard,0.686975
1154,Ganges Shark,0.685789
1155,Grey Wolf,0.679730
1156,Bighorn Sheep,0.676552
1157,Albertonectes vanderveldei,0.675338
1158,Denversaurus schlessmani,0.675338
1159,Eurasian (European) Beaver,0.675338
1160,Grivet,0.675338
1161,House Centipede,0.675338
1162,Dromedary (Arabian) Camel (cow),0.675338
1163,Giant Northern Termite,0.675338
1164,Stygian Robber,0.675338
1165,East Timor Giant Rat,0.674305
1166,American Black Bear (sow from Montana),0.673874
1167,Mainland Serow,0.671521
1168,Great Grey (Northern) Shrike,0.667570
1169,East Indian Harvesting Ants (2),0.666698
1170,Texas Longhorn,0.660913
1171,Common Thresher Shark,0.660647
1172,Western Gorilla (female),0.660125
1173,Northern Fur Seal,0.657638
1174,Pampas Fox,0.655630
1175,Cape Leopard,0.644895
1176,Australian Giant Cuttlefish,0.642133
1177,Numbat,0.642133
1178,Saga pedo,0.642133
1179,Baird s Beaked Whale,0.641593
1180,Alpine Mastiff,0.641021
1181,South Island Giant Moa,0.635341
1182,West Caucasian Tur,0.631898
1183,Greater Blue-ringed Octopus,0.622731
1184,Himalayan Wolf,0.622483
1185,South American (Brazilian) Tapir,0.620229
1186,Honey Badger (male),0.619957
1187,Asiatic Cheetah,0.619824
1188,African Leopardess,0.616400
1189,Wakaleo vanderleuri,0.616323
1190,Barbary Sheep,0.612600
1191,Common Tern,0.612600
1192,Megacephala virginica,0.612600
1193,Common Buzzard,0.612600
1194,Domestic Yak,0.612600
1195,Horse-leech,0.612600
1196,Kaluga Sturgeon,0.612600
1197,Mombasa Golden Starburst Tarantula,0.612600
1198,Painted Coral Snake,0.612600
1199,Torvosaurus gurneyi,0.612600
1200,Greater Arid-land Katydid,0.610423
1201,Diabloceratops eatoni,0.610423
1202,Cimarr n Uruguayo (2),0.609690
1203,Chain Pickerel,0.602059
1204,Bush Dog (pack of 4),0.599934
1205,Anatolian Shepherd Dog,0.596375
1206,House Sparrow,0.593371
1207,Pasimachus depressus,0.586077
1208,Dwarf Crocodile,0.585603
1209,Burmese Python,0.584913
1210,Sun Bear (sow),0.577306
1211,Brown Hyena (male),0.577255
1212,Dingo (pack of 2/3),0.574559
1213,Chacma Baboon (troop of 2),0.574030
1214,American Robin,0.568821
1215,Olive Baboon (troop of 4),0.568101
1216,Synthetoceras tricornatus,0.563724
1217,Northern Boa,0.561752
1218,White-tailed Deer,0.559046
1219,Malayan Tapir,0.556926
1220,Bushpig,0.555313
1221,Indian Pangolin,0.552846
1222,Spectacled (Common) Caiman,0.550496
1223,Northern Quoll,0.548420
1224,Electric Eel,0.539763
1225,Spotted Hyena (large female),0.539670
1226,Reindeer (Caribou),0.539066
1227,Cape Leopardess,0.534376
1228,Archaic Human,0.531906
1229,American Hog-nosed Skunk,0.531234
1230,Punganur Dwarf Cattle (Bull),0.531234
1231,Wallago Catfish,0.531234
1232,Beroid Comb Jelly,0.531234
1233,Chinese Goral,0.531234
1234,Giant Water Bug,0.531234
1235,Morning Sun Star,0.531234
1236,Red-headed Mouse Spider,0.531234
1237,Woodlouse Spider,0.531234
1238,Clouded Leopardess,0.531214
1239,Saint Bernard,0.530372
1240,Fisher (male),0.528994
1241,Neanderthal,0.528286
1242,Mountain Goat,0.528195
1243,Siberian Husky (3),0.524612
1244,Striped Hyena,0.521697
1245,East African Wild Dog,0.514617
1246,Caracal (female),0.514207
1247,Moros intrepidus,0.513987
1248,Homo floresiensis (armed with a spear),0.512185
1249,Olive Baboon (troop of 6),0.500565
1250,Dimetrodon angelensis,0.495853
1251,Orca,0.495853
1252,Baird's Tapir,0.493757
1253,Dusky Dolphin,0.491502
1254,Giant Otter Romp (4),0.485369
1255,Jagdterriers (pack of 2),0.485200
1256,Arctic Wolf,0.485198
1257,Dutch Shepherd (pack of 3),0.482415
1258,Swamp Darner,0.482283
1259,Northwestern She-wolf,0.481167
1260,West Indian Ocean Coelacanth,0.481167
1261,Flat Needlefish,0.481167
1262,Western Jackdaw,0.481167
1263,American Feral Pig,0.481119
1264,English Mastiff,0.480916
1265,Spatterdock Darner,0.480162
1266,Northern Elephant Seal (Bull),0.477875
1267,Giant Pangolin,0.477416
1268,German Shepherds (2),0.472458
1269,Bornean Orangutan,0.470048
1270,Jaekelopterus rhenaniae,0.465057
1271,Yellow Anaconda,0.463779
1272,Pleistocene Coyote,0.463660
1273,Woodward's Eagle,0.461434
1274,Bush Dog (pack of 6/7),0.459832
1275,Sphenacodon ferox,0.459459
1276,Tayras (5),0.457565
1277,American Akitas (2),0.456522
1278,Snowshoe Hare,0.452834
1279,Giant Anteater,0.452273
1280,Anachlysictis gracilis,0.441158
1281,Clouded Leopard (male),0.434483
1282,Bullmastiff,0.433723
1283,Bully Kutta,0.430385
1284,Bed Bug,0.429554
1285,Blue Whale Catfish,0.429554
1286,La Plata Dolphin (pod of 3),0.429554
1287,Red Paper Wasp,0.429554
1288,Steppe Wolf,0.421348
1289,Bush Dog (pack of 7),0.419707
1290,Human (male),0.418169
1291,Arapaima (Pirarucu),0.416738
1292,Dinopithecus ingens,0.414935
1293,Coastal Carpet Python,0.414083
1294,Borophagus diversidens,0.413998
1295,African Wild Dog (pack of 7),0.412837
1296,Central Asian Shepherd Dog (Alabai),0.412410
1297,Central European Boar,0.410801
1298,Rocky Mountain Bighorn Sheep,0.410322
1299,Saint Bernards (2),0.409410
1300,Gastornis parisiensis,0.409152
1301,Sea Otter (Romp of 2),0.409152
1302,Coelophysis bauri (pack of 3),0.409152
1303,Asiatic Golden Cat,0.405728
1304,Indian Python,0.404860
1305,Ostrich,0.397571
1306,Eastern Coyote (Coywolf),0.396890
1307,Brown hyena,0.396080
1308,Blacktip Shark,0.395824
1309,Dhole (Pack of 2),0.385709
1310,Lystrosaurus maccaigi,0.383218
1311,Mexican Wolf (pack of 2),0.382685
1312,Dogo Argentino,0.375462
1313,Giant Armadillo,0.375194
1314,Alano Espa ol,0.373156
1315,Neanderthal (pack of 4),0.372390
1316,Human,0.372323
1317,Obdurodon tharalkooschild,0.368247
1318,Bush Dog (pack of 5),0.363624
1319,Egyptian Mongoose,0.355773
1320,Key Deer (Doe),0.355374
1321,Human (strong male),0.354679
1322,Alligator Gar,0.349464
1323,Marsh Deer,0.349198
1324,Coyote (pack of 2),0.348533
1325,Karelian Bear Dogs (3),0.341915
1326,Collared Peccary (Javelina) (pack of 2),0.340099
1327,Eurasian Lynx (female),0.339496
1328,Olive Python,0.338991
1329,Kalahari Cheetah,0.338790
1330,Caucasian Shepherd Dog,0.337266
1331,Ankole-Watusi,0.336839
1332,Bonelli's Eagle (female),0.335485
1333,Yacare Caiman (on land),0.334573
1334,Burr Lee Bullstag,0.333453
1335,Armbruster's Wolf,0.332371
1336,Great Danes (2),0.331850
1337,Scalloped Hammerhead,0.331575
1338,Chinese Alligator,0.331151
1339,Seawolf (Atlantic Wolffish),0.328064
1340,Steller's Sea Cow,0.327276
1341,Dinictis felina,0.327258
1342,Spiny-tailed Monitor,0.326871
1343,Bigclaw Snapping Shrimp,0.326771
1344,Eastern Wolf,0.321428
1345,Swinford Bandog,0.320494
1346,Andalgalornis steulleti,0.320487
1347,Giant Otter,0.320087
1348,Lesser Kudu,0.319386
1349,Tosa Inu,0.317099
1350,Haast's Eagle,0.314529
1351,Andean Condors (2),0.313556
1352,Stenonychosaurus inequalis,0.309961
1353,Neapolitan Mastiff,0.307705
1354,Alligator Snapping Turtle,0.303927
1355,Sunda Clouded Leopard,0.303888
1356,Dhole (female),0.300016
1357,Great Blue Skimmer,0.299076
1358,Rottweiler,0.298180
1359,European Rabbit,0.297657
1360,Mexican Wolf,0.297540
1361,Staffordshire Bull Terriers (3),0.294820
1362,Proterogyrinus scheeleri,0.294015
1363,Cane (Giant) Toad,0.293911
1364,arplaninac,0.292281
1365,Archaeoindris fontoynonti,0.291892
1366,Mountain Bluebird,0.291701
1367,Sea Otter,0.291631
1368,Aardvark,0.291441
1369,Vechur Cattle,0.290077
1370,Bush Dogs (pack 4/5),0.288891
1371,American Bulldog,0.287721
1372,Theriodictis platensis,0.287556
1373,Cheetah,0.286439
1374,Red Kangaroo,0.285898
1375,White-headed Vultures (3),0.285176
1376,Bili Ape,0.284076
1377,American Pit Bull Terriers (3),0.282779
1378,Tibetan Mastiff,0.281624
1379,New Guinea Singing Dog,0.279774
1380,Boa Constrictor,0.278144
1381,Homo erectus,0.270869
1382,Ekorus ekakeran,0.268390
1383,Ethiopian Wolf (Simian jackal) (pack of 2),0.265801
1384,Kalahari Cheetah (female),0.263551
1385,Giant Otter Romp (2),0.262753
1386,Fila Brasileiro,0.260811
1387,Protoceratops andrewsi,0.259768
1388,Guanaco,0.256537
1389,Clouded Leopard,0.256348
1390,Brazilian Whiteknee Tarantula,0.255880
1391,Bloodhound,0.255536
1392,Pakicetus inachus,0.253502
1393,Olive Baboon (troop of 2),0.253391
1394,Wolverine,0.252653
1395,Dhole (pack of 2),0.252217
1396,Capybara,0.247363
1397,Cane Corso,0.245526
1398,Lappet-faced Vultures (venue of 3),0.240544
1399,Pyrenean Mountain Dog,0.240507
1400,Mandrill,0.234128
1401,Wakaleo schouteni,0.233857
1402,Jagdterriers (pack of3/4),0.231605
1403,Giant Teratorn,0.230261
1404,Northern River Shark,0.229633
1405,Mackenzie Valley Wolf,0.228807
1406,Harpy Eagle (pair),0.228615
1407,Hapalops spp.,0.227941
1408,North American Beaver,0.225995
1409,Grey Wolf (female),0.225940
1410,Common Chimpanzee,0.225084
1411,Warthog (Boar),0.221432
1412,Patterdale Terriers (2),0.219679
1413,Northwestern Wolf (female),0.217023
1414,Asian Straight-tusked Elephant (herd of 3),0.216131
1415,Blacknose Shark,0.214483
1416,Rosy Wolfsnail,0.212710
1417,German Cockroach,0.211458
1418,Kangal,0.210881
1419,Spectacled Caiman,0.209115
1420,Australian Kelpie,0.203672
1421,Blue Land Crab,0.202813
1422,Egyptian Wolf,0.202683
1423,Red-tailed Boa,0.199925
1424,Southern Cassowary,0.196314
1425,Hokkaido Inu,0.196192
1426,African Crested Porcupine,0.196057
1427,Arabian Wolf,0.193349
1428,Transmontano Mastiff,0.193270
1429,Neotropical Otter,0.192579
1430,Eastern Wolf (pack of 2),0.191679
1431,Eurasian Lynx,0.189642
1432,Paranthropus robustus,0.188187
1433,Asian (Sand) Badger,0.187176
1434,Presa Canario,0.187073
1435,Wahoo,0.184546
1436,Northern Coyote,0.184238
1437,Indonesian Wild Boar,0.184036
1438,Czechoslovakian Wolfdog,0.183853
1439,Chacoan Peccary,0.180853
1440,Grey Reef Shark,0.180303
1441,North Sulawesi Babirusa,0.180014
1442,Australian Blacktip Shark,0.179246
1443,Giant Fossa,0.179000
1444,Drill,0.178979
1445,Two-spined Trapjaw Ant,0.178755
1446,Siberian Ibex,0.176750
1447,Vietnamese Centipede,0.176614
1448,Italian Wolf,0.176186
1449,Eurasian Otter,0.176071
1450,Bush Dog (pack of 3),0.175721
1451,Spotted-necked Otter,0.175697
1452,Yellow-throated Martens (3),0.173991
1453,American Red Fox (skulk of 2),0.173630
1454,Yellow Spotted False Monitor,0.171788
1455,Northern Luzon Giant Cloud Rat,0.169247
1456,Cinereous (Eurasian Black) Vulture (venue of 3),0.169101
1457,Boerboel,0.167914
1458,Goldsaddle Goatfish (school of 6),0.165559
1459,Emperor Penguin,0.165402
1460,Bonobo,0.164995
1461,Wolverine (boar),0.164790
1462,Arabian Leopardess,0.164225
1463,Eastern Coyotes (2),0.162060
1464,Blue (Grand Cayman) Iguana,0.160158
1465,Lappet-faced Vulture (venue of 2),0.159369
1466,Crested Eagle,0.158807
1467,Guinean Barracuda,0.155351
1468,Scrub (Amethystine) Python,0.154232
1469,Leonberger,0.153498
1470,Pacific Electric Ray,0.152179
1471,Whollydooleya tomnpatrichorum,0.152037
1472,Didelphodon vorax,0.149123
1473,Mesohippus spp.,0.148521
1474,Great Barracuda,0.145619
1475,Alaskan Malamute,0.145112
1476,Mule Deer,0.144172
1477,Thylacine,0.143656
1478,Common Wombat,0.142991
1479,Broad Stingray,0.142654
1480,Giant Snakeheads (breeding pair),0.140047
1481,East European Shepherd,0.139239
1482,Rocky Mountain Mule Deer,0.138211
1483,Anjumara (Wolf Fish),0.137248
1484,North Pacific Giant Octopus,0.137062
1485,American Pit Bull Terriers (2),0.136370
1486,Collared Peccary (Javelina),0.136186
1487,Dingo,0.135898
1488,African Wild Dog,0.135759
1489,Wild Turkey (rafter of 5),0.135473
1490,Eastern Wolf (female),0.134381
1491,Roadside Hawk,0.132925
1492,German Shepherd,0.132377
1493,Muskellunge,0.131223
1494,Southern African Wildcat,0.129681
1495,Rhodesian Ridgeback,0.128836
1496,Chinese Giant Salamander,0.127903
1497,English Bull Terrier,0.127575
1498,Golden Eagle (aerie of 2),0.127443
1499,White-lipped Peccary,0.126790
1500,Boxer,0.126440
1501,Akita Inu,0.125155
1502,Bull Arab,0.123202
1503,Dhole,0.122212
1504,Cape Bushbuck (Imbabala),0.120972
1505,Smooth-fronted Caiman,0.120779
1506,Tiktaalik roseae,0.119886
1507,Bush Dog (pack of 2),0.119821
1508,Staffordshire Bull Terrier,0.119059
1509,Hamadryas Baboon,0.118493
1510,Belgian Malinois,0.117579
1511,Papuan Python,0.117260
1512,Ocelot,0.114728
1513,European Dhole,0.114028
1514,Lappet-faced Vultures (venue of 2/3),0.113920
1515,Eurasian Badger,0.112419
1516,Hyacinth Macaw,0.112132
1517,American Pitbull Terrier,0.111993
1518,King Cobra,0.111515
1519,Australopithecus africanus,0.111240
1520,American Staffordshire Terrier (Amstaff),0.110602
1521,Bonobo (Pygmy Chimpanzee),0.110582
1522,Greyhound,0.110182
1523,Chacma Baboon,0.109873
1524,Colossus Penguin,0.109492
1525,Ornithomimus edmontonicus,0.109033
1526,American Pit Bull Terrier,0.108742
1527,Ocelot (male),0.108439
1528,Human (female),0.108347
1529,Olive Baboon,0.108135
1530,Velociraptor mongoliensis,0.106927
1531,Wolverine (female),0.106913
1532,Honey Badger,0.105525
1533,Indian Wolf,0.105465
1534,Eastern Coyote,0.104646
1535,Bigeye Thresher Shark,0.103966
1536,Honey Badger (sow),0.103181
1537,Dromaeosaurus albertensis,0.101615
1538,African Golden Cat,0.100624
1539,Caspian Seal,0.099920
1540,Canadian Lynx,0.099763
1541,Whitetip Reef Shark,0.098259
1542,Asian Golden Cat,0.097978
1543,Patagornis marshi,0.097190
1544,Impala,0.097058
1545,Caracal,0.096210
1546,Fishing Cat,0.095256
1547,Common Collared Lizard,0.094752
1548,Central Bearded Dragon,0.094666
1549,Gull Dong,0.094561
1550,Gelada,0.094205
1551,Pteranodon longiceps,0.093924
1552,Kea,0.093727
1553,Perentie,0.093613
1554,Clouded Shepherd,0.092835
1555,Harpy Eagle,0.092676
1556,Dwarf Cassowary,0.092162
1557,Red Wolf,0.091413
1558,African Brush-tailed Porcupine,0.089863
1559,Mexican Coyote,0.088788
1560,Golden Dorado,0.088382
1561,Giant Moray,0.088025
1562,Guinea Baboon,0.087729
1563,Sand (Gould's) Goanna,0.087594
1564,Asian Water Monitor,0.087390
1565,Indonesian Wild Boar (Banded Pig),0.087372
1566,Maned Wolf (coalition of 2),0.086367
1567,Iberian Lynx,0.085643
1568,Red-Bellied Piranha (school of 8-10),0.085118
1569,Paranthropus boisei,0.084990
1570,Australian Cattle Dog (Blue or Red Heeler),0.084952
1571,Malagasy Crowned Eagle,0.084913
1572,Pulmonoscorpius kirktonensis,0.084675
1573,Lappet-faced Vultures (venue of 4),0.084613
1574,Carpet Python,0.084436
1575,Nile Monitor (Leguan),0.084371
1576,Asian Giant Hornets (2),0.083951
1577,Cuvier's Dwarf Caiman,0.083805
1578,Galap gos Islands Feral Dog,0.082925
1579,Merriam's Teratorn,0.082018
1580,Cape Grey Mongoose,0.081183
1581,Ivory-billed Woodpecker,0.080365
1582,Australian Staghound,0.080330
1583,(Eastern) Dire Wolf,0.080320
1584,Colombian White-faced Capuchin (group of 5),0.079832
1585,Bobcat,0.079785
1586,Meadow Vole,0.079146
1587,Alexander Archipelago Wolf,0.078858
1588,Common Snapping Turtle,0.078663
1589,Fawn Antechinus,0.078277
1590,Water Monitor,0.078091
1591,Tasmanian Giant Crab,0.077789
1592,Giant Swan,0.077500
1593,Ring-necked Cobra (Rinkhal),0.077123
1594,Citipati osmolskae,0.076920
1595,Angolan White-throated Monitor,0.076702
1596,Arthropleura armata,0.076625
1597,Green Moray (Eel),0.076064
1598,Doberman Pinscher,0.075592
1599,Irish Wolfhound,0.075177
1600,Airedale Terriers (2),0.075047
1601,Red-legged Seriema (Crested Cariama),0.074871
1602,Machaeroides eothen,0.073888
1603,Coyote,0.073745
1604,Repenomamus giganticus,0.073528
1605,Argus Monitor,0.072789
1606,Black-thighed Falconet,0.072549
1607,Labrador Retriever,0.071905
1608,Harris's Hawk (pair of 2),0.071865
1609,American Lobster,0.071633
1610,Chital,0.071181
1611,Forest Cobra,0.071006
1612,Red-headed Vultures (2),0.070187
1613,Crocodile Monitor,0.069901
1614,Nomura's Jellyfish,0.069775
1615,Velociraptor mongoliensis (pack of 2),0.069265
1616,Airedale Terrier,0.067355
1617,Eurasian Eagle-owl,0.067268
1618,Brongersma's Short-tailed Python,0.066834
1619,Northern Blue-tongued Skink,0.066782
1620,American Badger,0.066517
1621,Jumbo (or Humboldt) Squid,0.066088
1622,Black-backed Jackal (females) (pack of 2),0.065638
1623,Yellow Baboon,0.065577
1624,Great Grey Owl,0.065433
1625,Arabian Red Fox,0.064700
1626,Asian Giant Hornets (4 - 5),0.064242
1627,Deerhound,0.063966
1628,Homo floresiensis (Armed with club),0.063880
1629,Gull Terrier,0.061524
1630,American Akita,0.061481
1631,Blacktip Reef Shark,0.061044
1632,Knight Anole,0.060661
1633,Great Nicobar Serpent Eagle,0.060626
1634,European (Eurasian) Otter,0.060511
1635,Ocelot (female),0.060077
1636,Tasmanian Devil,0.059904
1637,North American River Otter,0.059671
1638,Cimarr n Uruguayo,0.059464
1639,Ethiopian Wolf (Simian jackal),0.059433
1640,Spur-winged Goose,0.059289
1641,Vulturine Guineafowl,0.059073
1642,Binturong (Asian Bearcat),0.058495
1643,Maned Wolf,0.057360
1644,Elongate Tigerfish,0.057137
1645,Black-headed Python,0.056605
1646,Pygmy Python,0.056542
1647,Gaboon Viper,0.056083
1648,Montane Solitary Eagle,0.055964
1649,African Fish Eagle,0.055947
1650,Bonobo (Pygmy Chimpanzee) (female),0.054829
1651,Fallow Deer,0.053814
1652,Gila Monster,0.053675
1653,Indian Hog Deer,0.053601
1654,Palm-nut Vulture,0.053400
1655,Serval (female),0.053250
1656,Carrion Crow,0.053194
1657,Golden Eagle,0.052508
1658,Harris's Hawk (group of 3),0.052460
1659,Small-spotted Catshark,0.051751
1660,Blue Crab,0.050569
1661,Least Weasel,0.050550
1662,Lycaenops ornatus,0.050502
1663,European Conger,0.050453
1664,Andean Condor,0.050076
1665,Indian Wolf Snake,0.049990
1666,Bobcat (female),0.049466
1667,African Golden Wolf,0.049460
1668,Maned Wolf (coalition of 3),0.049309
1669,Brown (Norway) Rat (mischief of 3),0.049272
1670,Rock Monitor,0.048764
1671,Brown Hare,0.048713
1672,California Sheep Head,0.048202
1673,Philippine Eagle,0.048090
1674,Black-and-chestnut Eagle,0.048057
1675,Robust Clubhook Squid,0.047837
1676,Greater Rhea,0.047547
1677,Boryaena tuberata,0.047293
1678,Hooded Crow,0.047203
1679,Tokay Gecko,0.047032
1680,Common Dwarf Mongoose,0.046740
1681,Amur Leopard Cat,0.046689
1682,Norwegian Forest Cat,0.046029
1683,Jaguarundi,0.044788
1684,Marine Iguana,0.044240
1685,Golden Jackal,0.044139
1686,European Pine Marten,0.044137
1687,American Bully,0.043755
1688,Fossa,0.042919
1689,Cubera Snapper,0.042792
1690,Sand Cat,0.042365
1691,Borhyaena tuberata,0.041842
1692,South American Bushmaster,0.041766
1693,African Savanna Hare,0.041744
1694,Lappet-faced Vulture,0.041389
1695,Amblycheila cylindriformis,0.041249
1696,African Wildcat,0.040657
1697,Stoat (Short-tailed Weasel),0.040477
1698,Psittacosaurus lujiatunensis,0.040425
1699,Sable,0.040409
1700,Borzoi,0.039993
1701,Amazonian Giant (Peruvian Giant Yellowleg) Centipede,0.039933
1702,Indian Peafowl,0.039798
1703,Yellow-throated Martens (2),0.039641
1704,Asian Golden Eagle (Berkut),0.039611
1705,Collared Owlet,0.039581
1706,Zebra Mantis Shrimp,0.039564
1707,Anomalocaris spp.,0.039492
1708,Martial Eagle,0.039391
1709,Crocodile Monitor (large male),0.039091
1710,Black Swan,0.038940
1711,African Civet,0.038779
1712,Border Collie,0.038524
1713,Miniature Bull Terrier,0.038261
1714,Eurasian Sparrowhawk,0.038245
1715,Emperor Scorpion,0.038175
1716,Black-backed Jackal,0.038097
1717,Siberian Husky,0.037962
1718,Plain-breasted Hawk,0.037783
1719,Cinereous (Eurasian Black) Vulture,0.037366
1720,Serval,0.037361
1721,Pasimachus californicus,0.036228
1722,Homo floresiensis,0.035977
1723,Yellow-throated Marten (Richness of 4),0.035820
1724,Fuegian Steamer Duck,0.035717
1725,Repenomamus robustus,0.035477
1726,Crab-eating Fox (monogamic pair),0.035360
1727,Lace Monitor,0.034650
1728,Brown Pelican,0.034613
1729,Elf Owl,0.034444
1730,Hammer-headed Bat,0.034225
1731,Kulang Asil,0.034143
1732,Saiga Antelope,0.033240
1733,Jungle Cat,0.032972
1734,Roe Deer,0.032903
1735,African Crowned Eagle,0.032771
1736,Cooper's Hawk,0.032592
1737,Nile Monitor,0.032369
1738,Muskrat,0.031933
1739,Tropical Screech Owl,0.031594
1740,Falkland Islands Wolf (Warrah),0.031559
1741,Goliath Bird Eating Spider,0.031529
1742,Leopard Cat,0.031452
1743,Coelophysis bauri,0.031354
1744,Southern Tamandua (Lesser Anteater),0.031331
1745,Eastern Diamondback Rattlesnake,0.031272
1746,American Bald Eagle,0.030908
1747,Ground (Temminck's) Pangolin,0.030676
1748,Blue Racer,0.030030
1749,Western Marsh Harrier,0.029945
1750,Wedge-tailed Eagle,0.029799
1751,Fisher,0.029765
1752,Indian (Common) Gray Mongoose,0.029761
1753,Tayra,0.029649
1754,Culpeo Zorro (Andean Fox),0.029592
1755,Steller's Sea Eagle,0.029538
1756,North Andean Deer (Taruca),0.029538
1757,Verreaux's (African Black) Eagle,0.029294
1758,Brown (Norway) Rat,0.029222
1759,Thick-billed Raven,0.029214
1760,Collared Pika,0.029173
1761,Garganornis ballmanni,0.029173
1762,Side-striped Jackal,0.029156
1763,Goliath Heron,0.029141
1764,Jagdterrier,0.028847
1765,Oriental Hornet (swarm of 20),0.028799
1766,Brontoscorpio anglicus,0.028721
1767,Thomson's Gazelle,0.028716
1768,American Bullfrog,0.028639
1769,European Hamster,0.028267
1770,Wildcat,0.028066
1771,Indian Black Scorpion,0.027954
1772,Red Junglefowl,0.027850
1773,Cape Griffon (Vulture),0.027827
1774,Northern Bald Eagle,0.027735
1775,Fishing Cat (female),0.027591
1776,Sia ferox,0.027540
1777,Marabou Stork,0.026917
1778,Madagascar (Malagasy) Ground Boa,0.026914
1779,White-backed Vulture,0.026740
1780,Wandering Albatross,0.026605
1781,Royal Antelope,0.026363
1782,Black-chested Buzzard-eagle,0.026362
1783,Common Raccoon,0.026181
1784,West African Gaboon Viper,0.026061
1785,Red Grouper,0.025817
1786,Tasmanian Wedge-tailed Eagle,0.025747
1787,Linheraptor exquisitus,0.025439
1788,Darwin's (Lesser) Rhea,0.025369
1789,Arctic Hare,0.025366
1790,Eastern Grey Kangaroo,0.025071
1791,American Crow,0.024981
1792,Black Drongo,0.024844
1793,Bush Dog,0.024740
1794,Short-eared Owl,0.024371
1795,Megalara garuda,0.024292
1796,New Zealand Longfin Eel,0.024274
1797,Steppe Polecat,0.024179
1798,Brown Snake Eagle,0.023923
1799,Scottish Wildcat,0.023909
1800,Desert Monitor,0.023515
1801,Emu,0.023199
1802,Boerbel,0.023120
1803,Porcupine River Stingray,0.023061
1804,White-headed Vultures (2),0.022988
1805,Short-eared Dog (Small-eared Zorro),0.022677
1806,Golden Tree (Ornate Flying) Snake,0.022345
1807,African Bullfrog,0.022276
1808,European Wildcat,0.022269
1809,Bateleur,0.022179
1810,White-headed Vulture,0.022153
1811,Rusty-spotted Cat,0.022078
1812,Patterdale Terrier,0.022020
1813,Red-Bellied Piranha (school of 2),0.021975
1814,Scottish Wild Cat,0.021963
1815,African Clawless Otter,0.021809
1816,Southern Ground-hornbills (2),0.021603
1817,White-tailed Hawk,0.021528
1818,Greater Roadrunner,0.021249
1819,Thylophorops lorenzinii,0.021023
1820,Little Brown Bat,0.020860
1821,Spotted-tail (Tiger) Quoll,0.020553
1822,Southern Giant Petrel,0.020546
1823,Greater Grison,0.020444
1824,Shoebill,0.020068
1825,Red-headed Vulture,0.019558
1826,Eastern (Common) Brown Snake,0.019425
1827,Giant Snakehead,0.019366
1828,Great Horned Owl,0.019091
1829,Argentine Black and White Tegu,0.019082
1830,Goliath Frog,0.018959
1831,Burrowing Owl,0.018712
1832,Sunda Leopard Cat,0.018635
1833,Northern Grasshopper Mouse,0.018313
1834,Shar Pei,0.018021
1835,Lar Gibbon,0.017909
1836,Blue Iguana,0.017874
1837,Tibetan (Sand) Fox,0.017843
1838,Fahaka Pufferfish,0.017794
1839,Pygmy Coral Snake,0.017787
1840,Mute Swan,0.017624
1841,Asian Giant Hornet,0.017535
1842,Slender Mongoose,0.017489
1843,Tibetan Macaque,0.017479
1844,Ornitholestes hermanni,0.017434
1845,Cuban Rock Iguana,0.017374
1846,Black-footed Cat,0.017367
1847,Royal (Ball) Python,0.017346
1848,Alexandrine Parakeet,0.017200
1849,Black Hawk-eagle,0.017118
1850,Hyaenodon mustelinus,0.017068
1851,Booted Eagle,0.016963
1852,North American Porcupine,0.016891
1853,Southern Mussurana,0.016837
1854,Wild Turkey,0.016806
1855,White-tailed Dunnart,0.016549
1856,Cuban Giant Owl,0.016451
1857,Eastern Indigo Snake,0.016419
1858,Redeye (Black) Piranha,0.016399
1859,Pallas's Cat,0.016376
1860,American Kestrel,0.016366
1861,Spotted Owl,0.016281
1862,Marbled Cat,0.016175
1863,Common Vampire Bat,0.016103
1864,Gambian Pouched Rat,0.015918
1865,Gobiconodon spp.,0.015913
1866,Bonelli's Eagle,0.015893
1867,House Crow,0.015840
1868,Blue Jay (band of 5),0.015580
1869,White-tailed Sea Eagle,0.015473
1870,Jack Russell Terrier,0.015389
1871,Black Rat,0.015382
1872,Yamaceratops dorngobiensis,0.015300
1873,Southern Grasshopper Mouse,0.015229
1874,Bornean Bay Cat,0.015216
1875,Bearded Vulture,0.015144
1876,White-tailed Jackrabbit,0.014935
1877,Raccoon Dog,0.014709
1878,Common Eider,0.014621
1879,Brown Paper Wasp,0.014579
1880,Red Fox,0.014498
1881,Red Kite,0.014455
1882,Fer de Lance (Lancehead Pit Viper),0.014428
1883,Sectretary Bird,0.014388
1884,Sharpe's Grysbok,0.014277
1885,R ppell's Griffon Vulture,0.014109
1886,American Black Vulture,0.014054
1887,American Marten,0.014042
1888,Ferruginous Hawk,0.014000
1889,Red Panda,0.013965
1890,Brazilian Giant Tawny Red Tarantula,0.013910
1891,Australian Magpies (2),0.013817
1892,Rhesus Macaque,0.013766
1893,Tawny Eagle,0.013736
1894,Asian Small-clawed Otter,0.013545
1895,Corsac Fox,0.013360
1896,Standard Poodle,0.013277
1897,Yellow-throated Marten,0.013226
1898,Gray Fox,0.013182
1899,Mussurana,0.013071
1900,Lesser Grison,0.012968
1901,Great Black-backed Gull,0.012889
1902,Chinese Desert (or Mountain) Cat,0.012667
1903,Magnificent Frigatebird,0.012508
1904,Laughing Kookaburra,0.012478
1905,Red-tailed Hawk,0.012377
1906,Toque Macaque,0.012278
1907,Peregrine Falcon,0.012247
1908,Pygmy (Short-tailed) Monitor,0.012101
1909,Bearded Vulture (Lammergeier),0.011961
1910,Auckland Tree Weta (male),0.011961
1911,Margay,0.011868
1912,White-throated Monitor,0.011765
1913,Egyptian Giant Solpugid,0.011733
1914,Coconut (Robber) Crab,0.011571
1915,Wild Turkey (rafter of 2),0.011542
1916,Turkey Vulture,0.011501
1917,Silvery Marmoset,0.011157
1918,Shiba Inu,0.011156
1919,Asiatic Wildcat,0.011125
1920,Great Skua (Bonxie),0.011119
1921,Mangrove Monitor,0.011043
1922,Banded Mongoose,0.010990
1923,Rook,0.010950
1924,Bengal (Common Indian) Monitor,0.010927
1925,Himalayan Red Panda,0.010871
1926,Trumpeter Swan,0.010870
1927,Eurasian Eagle Owl,0.010840
1928,Southern Ground-hornbill,0.010818
1929,Common Green Iguana,0.010812
1930,Himalayan Vulture,0.010736
1931,Northern Pike,0.010646
1932,Geoffroy's Cat,0.010626
1933,Barbary Macaque,0.010578
1934,Black-billed Magpie,0.010557
1935,Pampas Deer,0.010377
1936,Anatolian Predatory Bush-cricket,0.010348
1937,Vervet Monkey,0.010308
1938,Gyrfalcon,0.010253
1939,Common Octopus,0.010234
1940,Common Raven,0.010176
1941,Spectral Bat,0.010044
1942,Common (Small-spotted) Genet,0.009841
1943,Common Barn Owl,0.009513
1944,Crab-eating Fox,0.009327
1945,American Mink,0.009292
1946,European Honey Buzzard,0.009287
1947,Eastern (or Asian) Imperial Eagle,0.009179
1948,Horrid King Assassin Bug,0.009098
1949,Butler's Garter Snake,0.009018
1950,Great Flying Fox,0.009001
1951,Cozumel Raccoon,0.008961
1952,O Shamo' (Shamo Chicken),0.008925
1953,Bengal Cat (female),0.008879
1954,Verreaux's (Giant) Eagle-Owl,0.008765
1955,Patas Monkey,0.008741
1956,Cape Fox,0.008667
1957,Western Pygmy Marmoset,0.008656
1958,Fennec Fox,0.008447
1959,Surinam Horned Frog,0.008413
1960,Gentoo Penguin,0.008392
1961,Coastal Taipan,0.008356
1962,Red-throated Loon,0.008354
1963,Spot-bellied Eagle-owl,0.008332
1964,Sugar Glider,0.008250
1965,Little Owl,0.008244
1966,Canada Goose,0.008224
1967,Northern Goshawk,0.008087
1968,Japanese Spider Crab,0.007862
1969,Yi qi,0.007835
1970,King Brown (Mulga) Snake,0.007814
1971,Snowy (Arctic) Owl,0.007799
1972,Molina s Hog-nosed Skunk,0.007730
1973,Russian Toy Terrier,0.007715
1974,Common Raven (unkindness of 4),0.007684
1975,Asian House Shrew,0.007487
1976,Mertens' Water Monitor,0.007361
1977,Savannah Monitor,0.007275
1978,Brown Skua,0.007269
1979,American Red Fox,0.007258
1980,Tawny Frogmouth,0.007120
1981,Secretary Bird,0.006948
1982,Osprey,0.006925
1983,Indian Eagle-owl,0.006890
1984,Giant Petaltail,0.006791
1985,White-bellied Sea Eagle,0.006740
1986,Arctic Fox,0.006687
1987,Sulphur-crested Cockatoo,0.006642
1988,Giant Huntsman Spider,0.006577
1989,Miniature Fox Terrier,0.006513
1990,Proailurus lemanensis,0.006481
1991,Giant Desert Centipede,0.006434
1992,Dragon Headed Katydid,0.006336
1993,South American Coati,0.006303
1994,Roe Deer (Doe),0.006298
1995,Myrmecia brevinoda,0.006291
1996,Pygmy Hog,0.006230
1997,Lettered Ara ari,0.006228
1998,Archaeopteryx lithographica,0.006132
1999,Cobalt Blue Tarantula,0.006007
2000,Snow Petrel,0.005882
2001,Eastern Garter Snake,0.005863
2002,Indian Peacock,0.005861
2003,Herring Gull,0.005757
2004,Compsognathus longipes,0.005624
2005,Oncilla (Little Spotted Cat),0.005452
2006,Shih Tzu,0.005292
2007,King Vulture,0.005121
2008,Aardwolf,0.005099
2009,Papuan Harpy Eagle,0.005074
2010,Triconodon mordax,0.004940
2011,Giant Desert Hairy Scorpion,0.004912
2012,Mallard Duck,0.004886
2013,Striped Skunk,0.004882
2014,Chinese Mantis,0.004713
2015,Hercules Beetle,0.004691
2016,Striped Polecat,0.004635
2017,Great Blue Heron,0.004632
2018,Elephant Beetle,0.004622
2019,Giant Golden-crowned Flying-fox,0.004590
2020,Feral Cat,0.004566
2021,Tarantula Hawk Wasp,0.004534
2022,Pig-nosed Turtle,0.004489
2023,Venezuelan Red Howler,0.004132
2024,Grey Heron,0.004094
2025,Reeves's Muntjac,0.003978
2026,Blakiston's Fish-owl,0.003888
2027,Inland Taipan (Fierce Snake),0.003882
2028,Southern Crested Caracara,0.003858
2029,Virginia Opossum,0.003742
2030,Klipspringer,0.003722
2031,Malay Chicken,0.003663
2032,Collared Mangabey,0.003615
2033,Desmarest's Hutia,0.003598
2034,Northern (Abyssinian) Ground Hornbill,0.003546
2035,Mexican Beaded LIzard,0.003397
2036,Loggerhead Shrike,0.003395
2037,Manticora Tiger Beetle,0.003395
2038,Eugryllacris guomashan,0.003340
2039,Russian Blue,0.003300
2040,Chihuahua,0.003275
2041,Black-footed Ferret,0.003268
2042,Australian (Torresian) Crow,0.003254
2043,Powerful Owl,0.003191
2044,Emerald Tree Boa,0.003108
2045,Malayan Civet,0.003099
2046,Pallas's Fish Eagle,0.003087
2047,Sago pedo,0.003054
2048,Brown Crab,0.003047
2049,White-tailed Mongoose,0.002985
2050,Two-spotted Ground Beetle,0.002976
2051,Serama (Rooster),0.002920
2052,Harris's Hawk,0.002908
2053,Nine-banded Armadillo,0.002867
2054,Blond Capuchins (2),0.002792
2055,Black Mamba,0.002731
2056,Black-tailed Rattlesnake,0.002717
2057,Western Siberian Eagle Owl,0.002691
2058,Gold Tegu,0.002579
2059,Dalmatian Pelican,0.002456
2060,Woma Python,0.002263
2061,African (Common) Puff Adder,0.002203
2062,Malay (Rooster),0.002188
2063,Common Ravens (2),0.002059
2064,Beelzebufo ampinga,0.001993
2065,Grey Fox (Vixen),0.001953
2066,Hooded Vulture,0.001941
2067,Border Terrier,0.001926
2068,Island Fox,0.001916
2069,Wood Stork,0.001818
2070,Egyptian Vulture,0.001785
2071,Common Kingsnake,0.001747
2072,Wallace's Giant Bee,0.001269
2073,Big Brown Bat,0.001219
2074,Cozumel (Pygmy) Raccoon,0.001165
2075,Western Diamondback Rattlesnake,0.001138
2076,Banded Krait,0.000527
