age-BKSA95_ma,sealev-haq ,age-GTS12_ma
0.15,1.26,0.15
0.26,-79.63,0.26
0.97,-78.92,0.97
1.08,1.39,1.08
1.19,11.33,1.19
1.29,18.02,1.29
1.43,19.51,1.43
1.59,13.09,1.59
1.66,-0.89,1.66
1.73,-73.65,1.73
1.75,-77.67,1.76
1.94,-79.54,1.94
2.04,-75.45,2.04
2,-2.69,2.01
2.07,6.17,2.07
2.24,16.42,2.25
2.39,7.73,2.39
2.42,-3.54,2.42
2.46,-64.17,2.46
2.54,-71.55,2.54
2.61,-67.02,2.62
2.71,-60.11,2.71
2.77,-24.61,2.77
2.84,10.99,2.85
2.86,15.86,2.87
2.98,16.48,2.99
3.08,11.37,3.09
3.16,-62.69,3.16
3.14,-68.1,3.14
3.16,-72.97,3.16
3.27,-75.06,3.27
3.38,-69.66,3.38
3.43,-62.53,3.43
3.54,28.06,3.54
3.59,41.15,3.6
3.64,51.32,3.64
3.75,54.76,3.75
3.82,55.07,3.83
3.92,46.17,3.92
3.99,31,3.99
4.1,-20.33,4.1
4.11,-25.97,4.11
4.19,-27.83,4.2
4.27,-21.99,4.27
4.34,-14.32,4.34
4.36,1.59,4.36
4.34,61.46,4.34
4.4,67.62,4.4
4.44,69.67,4.45
4.51,68.14,4.51
4.63,70.39,4.63
4.78,79.67,4.79
4.92,85.05,4.93
5.23,88.24,5.23
5.47,87.75,5.55
5.65,83.82,5.73
5.71,71.9,5.78
5.83,-32.27,5.9
5.86,-38.13,5.94
5.97,-42.81,6.04
6.12,-36.23,6.19
6.15,-28.23,6.23
6.18,28.5,6.25
6.34,34.31,6.41
6.44,35.37,6.51
6.58,29.71,6.65
6.59,20.72,6.66
6.63,-18.48,6.7
6.73,-23.48,6.8
6.91,-26.22,6.97
7.01,-23.1,7.08
7.08,-18.13,7.15
7.11,-2.98,7.18
7.31,5.11,7.37
7.56,11.02,7.63
7.89,11.3,7.95
8.24,7.56,8.29
8.45,-2,8.51
8.66,-16.32,8.72
8.85,-21.87,8.9
9.08,-24.18,9.13
9.61,-24.48,9.65
9.78,-19.1,9.82
9.97,-7.99,10.01
10.07,-2.4,10.12
10.22,-0.31,10.26
10.36,-0.8,10.41
10.46,-3.88,10.5
10.52,-12.78,10.56
10.76,-69.08,10.8
10.79,-75.59,10.83
10.86,-79.08,10.9
10.97,-75.56,11
10.99,-67.45,11.03
11.01,25.76,11.04
11.05,39.7,11.09
11.15,49.72,11.18
11.27,52.9,11.3
11.4,53.39,11.43
11.53,52.24,11.56
11.65,46.98,11.68
11.7,41.76,11.73
11.81,39.65,11.84
11.89,48.16,11.92
11.93,82.68,11.96
12.03,91.11,12.06
12.31,96.25,12.34
12.61,94.67,12.63
12.8,89.76,12.82
12.94,84.86,12.96
13.12,84.39,13.14
13.23,90.11,13.25
13.29,118.79,13.31
13.44,127.42,13.45
13.72,136.57,13.73
14.12,142.98,14.13
14.52,141.38,14.53
14.8,137.11,14.81
14.89,57.08,14.9
15.02,52.51,15.02
15.08,58.24,15.09
15.11,101.21,15.12
15.25,133.87,15.25
15.31,140.14,15.3
15.52,143.23,15.49
15.77,138.83,15.72
15.83,131.13,15.78
15.92,45.69,15.86
15.98,41.24,15.92
16.09,41.64,16.02
16.13,50.62,16.05
16.18,89.36,16.1
16.22,106.79,16.13
16.24,122.48,16.16
16.32,131.01,16.23
16.43,135.75,16.33
16.6,138.3,16.49
16.77,137.18,16.64
16.87,133.26,16.74
16.94,122.31,16.79
17.01,116.88,16.86
17.13,115.33,16.97
17.4,118.73,17.22
17.74,120.7,17.53
18.07,118.46,17.83
18.61,106.63,18.33
19.27,87.1,18.94
19.83,67.69,19.45
20.01,64.18,19.61
20.14,66.96,19.73
20.25,74.3,19.83
20.33,110.65,19.91
20.41,117.23,19.98
20.6,120.64,20.16
20.77,116.37,20.33
20.82,109.11,20.37
20.95,102.57,20.5
21.1,110.65,20.63
21.29,118.39,20.81
21.69,128.24,21.19
22.06,133.22,21.53
22.44,134.09,21.89
22.88,129.1,22.31
23.18,121.33,22.59
23.35,104.17,22.75
23.44,45.04,22.83
23.5,35.06,22.89
23.65,33.28,23.03
23.76,39.53,23.14
23.85,71.45,23.22
23.86,80.86,23.23
24.05,85.26,23.41
24.25,84.25,23.6
24.38,75.68,23.72
24.45,61.37,23.79
24.45,53.36,23.79
24.68,47.36,24
24.89,54.24,24.2
25.06,69.37,24.36
25.24,77.24,24.54
25.52,80.86,24.85
25.8,80.81,25.16
26.04,76.43,25.44
26.26,66.96,25.67
26.55,36.7,26
26.64,31.49,26.1
26.84,30.26,26.32
26.99,34.01,26.5
27.14,58.13,26.66
27.68,62.07,27.26
28.29,56.48,27.94
28.8,37.69,28.52
28.93,20.46,28.66
28.99,10.06,28.73
29.23,3.1,28.99
29.5,1.01,29.3
29.93,11.14,29.78
29.93,35.06,29.78
30.16,131.72,30.03
30.11,148.02,30.1
30.37,167.15,30.27
30.59,177.32,30.52
30.84,178.81,30.78
31.02,175.68,30.99
31.22,173.42,31.2
31.36,178.86,31.36
31.8,192.24,31.84
32.14,196.27,32.21
32.46,196.3,32.56
32.77,192.65,32.91
33.08,179.26,33.24
33.12,160.95,33.29
33.29,111.11,33.48
33.37,102.64,33.57
33.57,103.46,33.79
33.67,113.39,33.9
33.72,137.74,33.95
33.77,147.46,34.01
33.88,151.31,34.13
34.04,149.51,34.3
34.08,142.24,34.35
34.1,135.95,34.37
34.19,131.7,34.46
34.28,132.74,34.57
34.36,138.89,34.66
34.72,142.74,35.05
35.02,136.63,35.37
35.08,129.8,35.43
35.45,124.88,35.77
35.91,129.57,36.21
36.23,133.3,36.5
36.57,128.25,36.82
36.67,120.01,36.91
36.8,102.01,37.03
37.23,94.57,37.43
37.37,158.74,37.57
37.57,170.61,37.75
37.68,175.03,37.86
37.99,175.95,38.14
38.4,171.98,38.52
38.74,173.32,38.85
38.96,177.51,39.05
39.04,187.13,39.13
39.34,192.38,39.41
39.65,192.01,39.69
39.85,180.72,39.88
40.1,151.99,40.12
40.29,144.05,40.29
40.68,139.66,40.64
41.01,139.72,40.93
41.36,146.48,41.25
41.64,168.52,41.5
41.75,174.78,41.6
42.08,177.97,41.9
42.42,174.66,42.2
42.65,172.24,42.41
42.92,174.03,42.65
43.22,186.86,42.92
43.54,200.55,43.21
43.95,208.48,43.59
44.55,210.85,44.19
44.98,205.57,44.62
45.14,200.23,44.78
45.32,194.35,44.96
45.54,191.82,45.18
45.95,196.49,45.58
46.44,207.65,46.08
46.71,213.01,46.35
47.18,214.2,46.81
47.39,211.13,47.02
47.57,204.05,47.21
47.62,169.18,47.26
47.81,161.56,47.45
48.07,160.53,47.7
48.28,168.93,47.91
48.33,183.1,47.96
48.56,186.1,48.19
48.75,185.43,48.38
48.86,178.8,48.49
49.16,80.03,48.79
49.3,71.68,48.93
49.54,83.33,49.17
49.56,92.31,49.19
49.76,187.11,49.4
49.83,195.54,49.49
49.89,198.87,49.56
50.02,200.13,49.73
50.12,195.33,49.85
50.33,202.11,50.12
50.41,206.32,50.22
50.62,202.92,50.48
50.81,207.33,50.72
51.05,210.98,51.02
51.35,212.14,51.39
51.52,204.86,51.61
51.57,184.07,51.67
51.78,176.68,51.93
52.04,180.11,52.26
52.27,208.97,52.55
52.31,215.02,52.6
52.4,217.16,52.71
52.48,212.7,52.81
52.52,207.06,52.86
52.6,206.28,52.96
52.67,211.57,53.05
52.92,220.15,53.36
53.03,217.62,53.5
53.15,212.17,53.65
53.24,209,53.76
53.47,211.99,54.05
54.04,214.08,54.77
54.43,209.92,55.25
54.66,160.52,55.54
54.86,154.33,55.79
55.11,157.65,56.11
55.26,197.25,56.29
55.41,187.37,56.48
55.43,164.85,56.51
55.56,134.08,56.67
55.64,130.82,56.77
55.7,138.71,56.85
55.7,172.7,56.85
55.83,177.64,57.01
55.89,170.81,57.07
55.89,71.96,57.08
55.9,72.6,57.1
55.97,173.79,57.16
56.19,184.45,57.39
56.48,191.64,57.69
56.79,193.4,58.01
57.15,192.99,58.37
57.3,190.14,58.53
57.65,177.17,58.88
58.66,70.62,59.92
58.71,61.08,59.96
58.92,56.16,60.18
59.15,65.3,60.42
59.22,148.21,60.49
59.27,173.51,60.54
59.34,178.66,60.6
59.41,179.26,60.68
59.47,172.84,60.74
59.54,154.17,60.82
59.62,149.25,60.89
59.69,151.05,60.96
59.75,166.83,61.02
59.86,180.65,61.14
60.11,192.15,61.39
60.41,198.65,61.7
60.77,197.88,62.07
61.12,194.08,62.4
61.41,191.38,62.67
61.69,193.45,62.92
62.03,201.02,63.23
62.5,198.53,63.65
62.57,199.34,63.72
62.64,200.7,63.78
62.71,202.6,63.85
62.79,203.41,63.91
62.86,204.5,63.98
62.93,205.1,64.04
63,205.1,64.11
63.07,207,64.17
63.14,207,64.24
63.21,207,64.3
63.29,207,64.37
63.36,207,64.43
63.43,207,64.49
63.5,207,64.56
63.57,207,64.62
63.64,207,64.69
63.71,207,64.75
63.79,207,64.82
63.86,207,64.88
63.93,207,64.95
64,207,65.01
64.07,207,65.08
64.14,207,65.14
64.21,207,65.21
64.29,207,65.27
64.36,207,65.34
64.43,207.1,65.4
64.5,207.1,65.47
64.57,207.1,65.53
64.64,207.1,65.6
64.71,205.2,65.66
64.79,201.4,65.73
64.86,197.6,65.79
64.93,193.8,65.86
65,190,65.92
65.1,187.47,66.01
65.2,186.2,66.1
65.3,186.3,66.19
65.4,188.2,66.28
65.5,188.2,66.38
65.55,190.1,66.42
65.6,192,66.47
65.65,194.85,66.51
65.7,195.8,66.56
65.75,195.8,66.6
65.8,192,66.65
65.85,154.03,66.69
65.9,121.9,66.74
65.95,120,66.79
66,154.1,66.83
66.18,188.2,66.99
66.35,195.8,67.15
66.53,199.6,67.31
66.71,203.4,67.47
66.88,205.3,67.64
67.06,207.2,67.8
67.24,209.1,67.96
67.41,211,68.12
67.59,212.9,68.28
67.77,214.8,68.44
67.94,214.8,68.6
68.12,214.8,68.76
68.3,214.8,68.92
68.47,214.8,69.08
68.65,214.8,69.24
68.83,214.8,69.41
69,212.9,69.57
69.18,211,69.73
69.36,211,69.89
69.53,209.1,70.05
69.71,207.3,70.21
69.89,203.5,70.37
70.06,200.33,70.53
70.24,196.38,70.69
70.42,189.57,70.85
70.59,177.57,71.01
70.77,169.4,71.17
70.95,169.4,71.34
71.12,180.8,71.51
71.3,191.15,71.71
71.39,198.75,71.81
71.48,205.4,71.91
71.57,209.2,72.01
71.66,213,72.11
71.75,214.9,72.21
71.84,218.7,72.31
71.93,220.6,72.41
72.02,222.5,72.51
72.11,224.4,72.62
72.2,226.3,72.72
72.29,226.3,72.82
72.38,226.3,72.92
72.47,228.2,73.02
72.56,228.2,73.12
72.65,228.2,73.22
72.74,229.71,73.32
72.83,229.78,73.42
72.92,229.8,73.52
73.01,229.8,73.63
73.1,229.8,73.73
73.19,229.8,73.83
73.28,229.8,73.93
73.37,229.53,74.03
73.46,227.93,74.13
73.55,227.99,74.23
73.64,225.56,74.33
73.73,222.84,74.42
73.82,222.26,74.51
73.91,222.21,74.61
74,220.3,74.7
74.1,216.4,74.8
74.19,214.03,74.89
74.29,209.75,74.99
74.38,203.48,75.09
74.48,196.16,75.19
74.57,191.5,75.28
74.67,189.6,75.38
74.76,189.6,75.48
74.86,189.6,75.58
74.95,191.5,75.67
75.05,198.2,75.77
75.14,206.8,75.87
75.24,211.6,75.96
75.33,218.3,76.06
75.43,222.1,76.16
75.52,225.9,76.26
75.62,229.8,76.35
75.71,233.6,76.45
75.81,236.45,76.55
75.9,237.4,76.65
76,237.4,76.74
76.09,237.4,76.84
76.19,237.4,76.94
76.28,236.64,77.04
76.38,234.36,77.13
76.47,233.1,77.23
76.57,231.6,77.33
76.66,229.7,77.43
76.76,229.7,77.52
76.85,229.7,77.62
76.95,231.6,77.72
77.04,231.6,77.81
77.14,231.6,77.91
77.23,233.5,78.01
77.33,234.45,78.11
77.42,237.4,78.2
77.52,241.2,78.3
77.61,243.1,78.4
77.71,245,78.5
77.8,245,78.59
77.9,245,78.69
77.99,245,78.79
78.09,245,78.89
78.18,243.1,78.98
78.28,241.1,79.08
78.37,239.2,79.18
78.47,237.3,79.27
78.56,237.3,79.37
78.66,237.3,79.47
78.75,239.2,79.57
78.85,239.2,79.66
78.94,241.1,79.76
79.04,243,79.86
79.13,244.9,79.95
79.23,243,80.04
79.32,241.1,80.13
79.42,236.83,80.22
79.51,223.9,80.31
79.61,193.2,80.4
79.7,186.23,80.49
79.8,202.8,80.58
79.89,217.15,80.67
79.99,221.9,80.76
80.08,225.8,80.85
80.18,227.7,80.94
80.27,231.5,81.03
80.37,233.4,81.12
80.46,233.4,81.21
80.56,235.3,81.3
80.65,235.93,81.38
80.75,237.2,81.47
80.84,237.2,81.56
80.94,237.2,81.65
81.03,237.2,81.74
81.13,235.3,81.83
81.22,235.3,81.92
81.32,235.3,82.01
81.41,233.4,82.1
81.51,233.4,82.19
81.6,233.4,82.28
81.7,231.4,82.37
81.79,229.03,82.46
81.89,225.7,82.55
81.98,219.52,82.64
82.08,215.34,82.73
82.17,212.3,82.82
82.27,210.4,82.91
82.36,210.4,83
82.46,210.3,83.09
82.55,212.3,83.18
82.65,213.25,83.27
82.74,216.1,83.35
82.84,217.05,83.44
82.93,219.9,83.53
83.03,221.8,83.62
83.12,223.7,83.72
83.22,225.6,83.81
83.31,224.08,83.9
83.41,222.56,83.99
83.5,220.28,84.08
83.56,216,84.14
83.62,211.82,84.19
83.67,207.64,84.25
83.73,202.22,84.3
83.79,189.7,84.36
83.85,184.64,84.41
83.9,181.6,84.47
83.96,181.6,84.53
84.02,185.4,84.58
84.08,194.33,84.64
84.13,204.5,84.69
84.19,212.2,84.75
84.25,217.9,84.8
84.31,221.7,84.86
84.36,223.6,84.91
84.42,223.6,84.97
84.48,223.6,85.02
84.54,223.6,85.08
84.59,225.35,85.14
84.65,225.7,85.19
84.71,224.41,85.25
84.77,221.73,85.3
84.82,220.1,85.36
84.88,220.1,85.41
84.94,218.2,85.47
85,218.2,85.52
85.05,216.3,85.58
85.11,216.3,85.63
85.17,216.3,85.69
85.23,216.32,85.75
85.28,216.39,85.8
85.34,217.62,85.86
85.4,218.98,85.91
85.46,220.47,85.97
85.51,223.19,86.02
85.57,225.95,86.08
85.63,227.86,86.13
85.69,229.7,86.19
85.74,229.7,86.24
85.8,229.8,86.3
86.12,227.9,86.65
86.44,224.1,87
86.76,222.2,87.35
87.08,224.1,87.7
87.4,226,88.05
87.72,231.7,88.4
88.04,235.6,88.75
88.36,237.5,89.1
88.68,237.5,89.45
89,237.5,89.8
89.15,234.97,89.94
89.3,229.9,90.07
89.45,214.7,90.21
89.6,176.5,90.35
89.75,135.5,90.48
89.9,128.8,90.62
90.05,130.7,90.76
90.2,163.2,90.89
90.35,209,91.03
90.5,241.5,91.17
90.65,238.97,91.3
90.8,224.3,91.44
90.95,220.5,91.58
91.1,251.1,91.71
91.25,254.9,91.85
91.4,254.9,91.99
91.55,247.3,92.12
91.7,243.5,92.26
91.85,243.5,92.4
92,249.3,92.53
92.15,256.9,92.67
92.3,256.9,92.81
92.45,257,92.94
92.6,257,93.08
92.75,257.99,93.22
92.9,255.27,93.35
93.05,252.01,93.49
93.2,246.93,93.63
93.35,241.7,93.76
93.5,238.99,93.9
93.64,234.64,94.07
93.77,229.76,94.23
93.91,227.04,94.4
94.04,224.34,94.56
94.18,222.8,94.73
94.31,222.8,94.89
94.45,220.9,95.06
94.58,220.9,95.22
94.72,218.3,95.39
94.85,218.3,95.55
94.99,219.25,95.72
95.12,221.8,95.88
95.26,222.2,96.05
95.39,224.1,96.21
95.53,224.18,96.38
95.66,226.1,96.54
95.8,226.1,96.71
95.93,226.16,96.87
96.07,224.3,97.04
96.2,217.87,97.2
96.34,200.7,97.37
96.47,184.1,97.53
96.61,178.4,97.7
96.74,178.5,97.86
96.88,199.5,98.03
97.01,230.2,98.19
97.15,237.52,98.36
97.28,241.7,98.52
97.42,243.7,98.69
97.55,245.6,98.85
97.69,245.6,99.02
97.82,245.7,99.18
97.96,243.8,99.35
98.09,241.9,99.51
98.23,240,99.68
98.36,236.2,99.84
98.5,234.3,100.01
98.63,234.3,100.17
98.77,232.44,100.34
98.9,232.5,100.5
99.01,232.5,100.6
99.12,234.9,100.71
99.23,223.1,100.81
99.34,229.53,100.92
99.45,235.93,101.02
99.57,240.4,101.13
99.68,242.3,101.23
99.79,244.2,101.33
99.9,244.2,101.44
100.01,244.2,101.54
100.12,242.3,101.65
100.23,240.4,101.75
100.34,234.7,101.85
100.45,225.1,101.96
100.56,210.75,102.06
100.67,192.6,102.17
100.78,184.9,102.27
100.9,186.23,102.38
101.01,204.73,102.48
101.12,219.4,102.58
101.23,230.9,102.69
101.34,229,102.79
101.45,227.1,102.9
101.56,221.4,103
101.67,212.75,103.1
101.78,208,103.21
101.89,204.1,103.31
102,204.2,103.42
102.11,206.1,103.52
102.23,210.53,103.63
102.34,213.7,103.73
102.45,215.7,103.83
102.56,217.6,103.94
102.67,215.7,104.04
102.78,213.8,104.15
102.89,208,104.25
103,195.6,104.35
103.11,190.8,104.46
103.22,187,104.56
103.33,185.1,104.67
103.44,185.1,104.77
103.56,185.1,104.88
103.67,187,104.98
103.78,190.87,105.08
103.89,194.7,105.19
104,197.55,105.29
104.11,198.5,105.4
104.22,198.5,105.5
104.33,198.5,105.6
104.44,196.6,105.71
104.55,193.75,105.81
104.66,190.43,105.92
104.77,190,106.02
104.89,190,106.13
105,190,106.23
105.11,189,106.33
105.22,189,106.44
105.33,188,106.54
105.44,188,106.65
105.55,187.47,106.75
105.66,186.2,106.85
105.77,184.93,106.96
105.88,184.4,107.06
105.99,184.4,107.17
106.1,184.4,107.27
106.22,187.35,107.38
106.33,189.25,107.48
106.44,192.17,107.58
106.55,196,107.69
106.66,197.95,107.79
106.77,198,107.9
106.88,198,108
106.99,198,108.1
107.1,196.73,108.21
107.21,195.57,108.31
107.32,193.67,108.42
107.43,191.45,108.52
107.55,188.6,108.63
107.66,185.75,108.73
107.77,184.17,108.83
107.88,181,108.94
107.99,179.1,109.04
108.1,177.2,109.15
108.21,175.35,109.25
108.32,174.13,109.35
108.43,172.23,109.46
108.54,170.97,109.56
108.65,169.07,109.67
108.76,161.5,109.77
108.88,159.6,109.88
108.99,159.15,109.98
109.1,158.7,110.08
109.21,158.25,110.19
109.32,157.8,110.29
109.43,157.8,110.4
109.54,157.8,110.5
109.65,157.8,110.6
109.76,157.8,110.71
109.87,159.7,110.81
109.98,159.75,110.92
110.09,159.8,111.02
110.21,159.8,111.13
110.32,162.9,111.23
110.43,162.9,111.33
110.54,161.95,111.44
110.65,161,111.54
110.76,160.53,111.65
110.87,159.1,111.75
110.98,158.63,111.85
111.09,155.3,111.96
111.2,151.98,112.06
111.31,144.22,112.17
111.42,130.6,112.27
111.54,120.1,112.38
111.65,121.1,112.48
111.76,133.93,112.58
111.87,147.7,112.69
111.98,153.88,112.79
112.09,157.83,112.9
112.2,159.1,113
112.38,157.68,113.27
112.55,155.78,113.53
112.73,152.45,113.8
112.9,148.46,114.06
113.08,143.9,114.33
113.26,141.05,114.6
113.43,138.2,114.86
113.61,136.3,115.13
113.78,136.3,115.39
113.96,134.88,115.66
114.14,134.4,115.93
114.31,135.67,116.19
114.49,136.3,116.46
114.66,136.93,116.72
114.84,138.2,116.99
115.02,140.73,117.26
115.19,143.9,117.52
115.37,147.7,117.79
115.54,150.87,118.05
115.72,154.35,118.32
115.9,157.2,118.59
116.07,159.1,118.85
116.25,160.53,119.12
116.42,161,119.38
116.6,162.27,119.65
116.78,162.9,119.92
116.95,162.9,120.18
117.13,162.9,120.45
117.3,162.9,120.71
117.48,162.9,120.98
117.66,162.9,121.25
117.83,162.43,121.51
118.01,161,121.78
118.18,159.58,122.04
118.36,156.06,122.31
118.54,145.53,122.58
118.71,127.1,122.84
118.89,108.33,123.11
119.06,97.07,123.37
119.24,94.88,123.64
119.42,103.9,123.91
119.59,122.97,124.17
119.77,145.33,124.44
119.94,157.2,124.7
120.12,163.38,124.97
120.3,164.8,125.24
120.47,166.7,125.5
120.65,165.75,125.77
120.82,163.85,126.03
121,161.95,126.3
121.17,160.05,126.43
121.34,158.8,126.56
121.51,162,126.69
121.69,164.5,126.81
121.86,170.2,126.94
122.03,171.15,127.07
122.2,172.1,127.2
122.37,174.1,127.33
122.54,174.1,127.46
122.71,174.1,127.59
122.89,174.1,127.71
123.06,171.25,127.84
123.23,168.4,127.97
123.4,167.93,128.1
123.57,167.45,128.23
123.74,164.7,128.36
123.91,164.7,128.49
124.09,165.65,128.61
124.26,166.6,128.74
124.43,170,128.87
124.6,176.1,129
124.77,181.9,129.13
124.94,181.43,129.26
125.11,180.95,129.39
125.29,178.1,129.51
125.46,174.3,129.64
125.63,171.45,129.77
125.8,168.6,129.9
125.97,168.6,130.03
126.14,170.55,130.16
126.31,172.5,130.29
126.49,174.4,130.41
126.66,177.25,130.54
126.83,180.1,130.67
127,180.1,130.8
127.11,177.25,130.87
127.22,174.4,130.94
127.33,170.6,131.01
127.44,163,131.08
127.56,162.1,131.14
127.67,161.2,131.21
127.78,163.1,131.28
127.89,166.9,131.35
128,167.85,131.42
128.11,168.8,131.49
128.22,170.7,131.56
128.33,168.9,131.63
128.44,165.1,131.7
128.56,161.3,131.76
128.67,153.7,131.83
128.78,146.1,131.9
128.89,138.5,131.97
129,135.65,132.04
129.11,132.8,132.11
129.22,134.7,132.18
129.33,136.6,132.25
129.44,138.5,132.32
129.56,142.3,132.38
129.67,143.3,132.45
129.78,144.3,132.52
129.89,144.3,132.59
130,141.45,132.66
130.11,136.7,132.73
130.22,127.2,132.8
130.33,128,132.87
130.44,129.1,132.94
130.56,132.9,133
130.67,132.95,133.07
130.78,133,133.14
130.89,131.4,133.21
131,127.9,133.28
131.11,122.2,133.35
131.22,116.5,133.42
131.33,112.7,133.49
131.44,112.7,133.56
131.56,114.6,133.62
131.67,115.55,133.69
131.78,116.5,133.76
131.89,116.5,133.83
132,114.6,133.9
132.07,111.75,133.98
132.14,108.9,134.06
132.21,107,134.14
132.29,104.15,134.21
132.36,101.3,134.29
132.43,98.44,134.37
132.5,95.58,134.45
132.57,95.58,134.53
132.64,94.4,134.61
132.71,94.4,134.69
132.79,94.4,134.76
132.86,95.04,134.84
132.93,96.31,134.92
133,97.45,135
133.07,98.53,135.08
133.14,100.1,135.16
133.21,100.42,135.24
133.29,102,135.31
133.36,102,135.39
133.43,102,135.47
133.5,102,135.55
133.57,102,135.63
133.64,100.86,135.71
133.71,100.1,135.79
133.79,100.1,135.86
133.86,98.21,135.94
133.93,96.69,136.02
134,96.31,136.1
134.07,94.4,136.18
134.14,92.98,136.26
134.21,90.6,136.34
134.29,88.69,136.41
134.36,87.27,136.49
134.43,83.74,136.57
134.5,80.61,136.65
134.57,77.75,136.73
134.64,74.61,136.81
134.71,70.93,136.89
134.79,67.28,136.96
134.86,62.05,137.04
134.93,56.34,137.12
135,48.72,137.2
135.07,37.3,137.28
135.14,16.36,137.36
135.21,0.19,137.44
135.29,-8.85,137.51
135.36,-10.28,137.59
135.43,-10.28,137.67
135.5,-10.28,137.75
135.57,21.7,137.83
135.64,55.7,137.91
135.71,86.16,137.99
135.79,91.87,138.06
135.86,95.36,138.14
135.93,98.59,138.22
136,100.73,138.3
136.07,102.95,138.38
136.14,103.9,138.46
136.21,105.17,138.54
136.29,105.8,138.61
136.36,106.18,138.69
136.43,107.7,138.77
136.5,107.32,138.85
136.57,105.33,138.93
136.64,100.1,139.01
136.71,92.5,139.09
136.79,79.18,139.16
136.86,62.05,139.24
136.93,46.82,139.32
137,35.4,139.4
137.24,30.64,139.59
137.48,29.69,139.77
137.72,29.69,139.96
137.96,32.35,140.15
138.2,60.46,140.33
138.44,88.05,140.52
138.68,114.35,140.71
138.92,118.72,140.89
139.16,119.1,141.08
139.4,119.1,141.27
139.64,122.05,141.45
139.88,124.27,141.64
140.12,126.48,141.83
140.36,128.32,142.01
140.6,130.28,142.2
140.84,131.87,142.39
141.08,134.4,142.57
141.32,136.3,142.76
141.56,137.82,142.95
141.8,139.15,143.13
142.04,141.05,143.32
142.28,142,143.51
142.52,142,143.69
142.76,143.58,143.88
143,143.9,144.07
143.24,143.9,144.25
143.48,143.9,144.44
143.72,143.9,144.63
143.96,143.14,144.81
144.2,140.58,145
144.33,136.93,145.14
144.46,126.18,145.28
144.59,120.38,145.43
144.72,117.24,145.57
144.85,116.77,145.71
144.98,118.1,145.85
145.11,119.43,145.99
145.24,122.93,146.14
145.37,125.37,146.28
145.5,128,146.42
145.63,128.08,146.56
145.76,128.1,146.7
145.89,128.17,146.85
146.02,127.88,146.99
146.15,125.16,147.13
146.28,121.93,147.27
146.41,116.63,147.41
146.54,110.35,147.56
146.67,104.58,147.7
146.8,98.78,147.84
146.93,95.41,147.98
147.06,93.51,148.12
147.19,91.61,148.27
147.32,91.65,148.41
147.45,93.09,148.55
147.58,94.34,148.69
147.71,97.91,148.83
147.84,103.53,148.98
147.97,112.47,149.12
148.1,124.4,149.26
148.23,133.44,149.4
148.36,136.8,149.54
148.49,136.87,149.69
148.62,134.97,149.83
148.75,125.75,149.97
148.88,109.73,150.11
149.01,91.6,150.25
149.14,86.45,150.4
149.27,86.5,150.54
149.4,89.79,150.68
149.53,104.67,150.82
149.66,127.2,150.96
149.79,143.7,151.11
149.92,147.1,151.25
150.05,147.14,151.39
150.18,145.25,151.53
150.31,139.47,151.67
150.44,124.9,151.82
150.57,101.89,151.96
150.7,81.55,152.1
150.73,79.26,152.15
150.77,102.4,152.2
150.8,136.47,152.26
150.84,154.37,152.31
150.87,159.59,152.36
150.9,162.27,152.41
150.94,164.11,152.46
150.97,165.3,152.52
151.01,165.3,152.57
151.04,165.38,152.62
151.07,165.4,152.67
151.11,165.06,152.72
151.14,163.22,152.78
151.18,159.7,152.83
151.21,153.23,152.88
151.24,142.75,152.93
151.28,131.27,152.98
151.31,122.38,153.04
151.35,115.63,153.09
151.38,113.9,153.14
151.41,113.3,153.19
151.45,115.3,153.24
151.48,130.27,153.3
151.52,156.56,153.35
151.55,172.66,153.4
151.58,171.6,153.45
151.62,168.58,153.5
151.65,162.78,153.56
151.69,157.45,153.61
151.72,154.92,153.66
151.75,154.95,153.71
151.79,156.61,153.76
151.82,158.95,153.82
151.86,164.24,153.87
151.89,166.5,153.92
151.92,167.5,153.97
151.96,167.5,154.02
151.99,167.03,154.08
152.03,166.55,154.13
152.06,166.08,154.18
152.09,165.6,154.23
152.13,163.6,154.28
152.16,163.6,154.34
152.2,160.75,154.39
152.23,159.8,154.44
152.26,158.85,154.49
152.3,156,154.54
152.33,154.1,154.6
152.37,154.1,154.65
152.4,152.2,154.7
152.43,149.35,154.75
152.47,146.5,154.8
152.5,144.6,154.86
152.54,144.6,154.91
152.57,142.7,154.96
152.6,142.7,155.01
152.64,140.8,155.06
152.67,140.8,155.12
152.71,140.8,155.17
152.74,140.8,155.22
152.77,142.7,155.27
152.81,142.7,155.32
152.84,142.7,155.38
152.88,146.5,155.43
152.91,147.45,155.48
152.94,148.4,155.53
152.98,148.4,155.58
153.01,148.4,155.64
153.05,148.4,155.69
153.08,148.4,155.74
153.11,145.55,155.79
153.15,142.7,155.84
153.18,137.95,155.9
153.22,135.1,155.95
153.25,132.25,156
153.28,131.78,156.05
153.32,131.3,156.1
153.35,131.3,156.16
153.39,132.25,156.21
153.42,133.2,156.26
153.45,135.1,156.31
153.49,137.95,156.36
153.52,140.8,156.42
153.56,139.38,156.47
153.59,137.95,156.52
153.62,136.98,156.57
153.66,136,156.62
153.69,133.1,156.68
153.73,131.2,156.73
153.76,126.45,156.78
153.79,123.6,156.83
153.83,118.85,156.88
153.86,116,156.94
153.9,112.2,156.99
153.93,112.2,157.04
153.96,111.73,157.09
154,111.25,157.14
154.03,110.78,157.2
154.07,110.3,157.25
154.1,110.3,157.3
154.19,111.25,157.4
154.28,112.2,157.51
154.37,114.1,157.61
154.45,116,157.71
154.54,117.9,157.82
154.63,119.8,157.92
154.72,119.8,158.02
154.81,120.75,158.13
154.9,121.7,158.23
154.98,121.7,158.33
155.07,121.7,158.44
155.16,121.7,158.54
155.25,121.7,158.64
155.34,119.8,158.75
155.43,119.8,158.85
155.51,116.95,158.95
155.6,114.1,159.06
155.69,113.63,159.16
155.78,113.15,159.26
155.87,112.68,159.37
155.96,112.2,159.47
156.04,114.1,159.57
156.13,116,159.68
156.22,117.9,159.78
156.31,117.9,159.88
156.4,119.8,159.99
156.49,119.8,160.09
156.57,119.8,160.19
156.66,119.8,160.3
156.75,119.33,160.4
156.84,118.85,160.5
156.93,114.1,160.61
157.02,112.2,160.71
157.1,112.1,160.81
157.19,114,160.92
157.28,115.9,161.02
157.37,117.8,161.12
157.46,117.8,161.23
157.55,115.9,161.33
157.63,112.1,161.43
157.72,104.5,161.54
157.81,104.03,161.64
157.9,103.55,161.74
157.99,103.08,161.85
158.08,102.6,161.95
158.16,102.6,162.05
158.25,103.55,162.16
158.34,104.5,162.26
158.43,104.5,162.36
158.52,104.5,162.47
158.61,104.5,162.57
158.69,104.5,162.67
158.78,106.4,162.78
158.87,106.4,162.88
158.96,106.4,162.98
159.05,106.4,163.09
159.14,108.3,163.19
159.22,108.3,163.29
159.31,108.3,163.4
159.4,106.4,163.5
159.5,106.4,163.55
159.6,106.4,163.6
159.7,106.4,163.66
159.8,106.4,163.71
159.9,104.5,163.76
160,104.5,163.81
160.1,104.5,163.86
160.2,102.6,163.92
160.3,102.6,163.97
160.4,100.7,164.02
160.5,98.77,164.07
160.6,96.87,164.12
160.7,96.87,164.18
160.8,94.01,164.23
160.9,91.16,164.28
161,89.26,164.33
161.1,86.41,164.38
161.2,83.55,164.44
161.3,79.75,164.49
161.4,75.94,164.54
161.5,71.19,164.59
161.6,68.34,164.64
161.7,66.44,164.7
161.8,62.63,164.75
161.9,61.21,164.8
162,59.78,164.85
162.1,59.3,164.9
162.2,58.82,164.96
162.3,56.92,165.01
162.4,56.92,165.06
162.5,56.92,165.11
162.6,57.87,165.16
162.7,58.81,165.22
162.8,58.81,165.27
162.9,60.71,165.32
163,62.61,165.37
163.1,64.51,165.42
163.2,68.31,165.48
163.3,68.31,165.53
163.4,68.3,165.58
163.5,70.2,165.63
163.6,69.73,165.68
163.7,69.25,165.74
163.8,68.3,165.79
163.9,67.34,165.84
164,64.49,165.89
164.1,62.59,165.94
164.2,59.73,166
164.3,54.98,166.05
164.4,52.13,166.1
164.46,49.27,166.13
164.52,47.37,166.16
164.58,42.62,166.18
164.64,39.76,166.21
164.7,35.01,166.24
164.76,32.16,166.27
164.82,30.26,166.29
164.88,30.25,166.32
164.94,28.35,166.35
165,28.35,166.38
165.06,30.25,166.4
165.12,32.15,166.43
165.18,35.95,166.46
165.24,39.75,166.49
165.3,43.55,166.51
165.36,51.15,166.54
165.42,54.94,166.57
165.48,55.89,166.6
165.54,56.84,166.62
165.6,56.84,166.65
165.66,54.94,166.68
165.72,53.04,166.71
165.78,53.03,166.73
165.84,53.03,166.76
165.9,54.93,166.79
165.96,56.83,166.82
166.02,56.83,166.84
166.08,56.83,166.87
166.14,56.82,166.9
166.2,56.82,166.93
166.26,54.92,166.95
166.32,54.91,166.98
166.38,53.01,167.01
166.44,51.11,167.04
166.5,51.11,167.06
166.56,51.11,167.09
166.62,51.11,167.12
166.68,51.1,167.15
166.74,51.1,167.17
166.8,51.1,167.2
166.86,51.1,167.23
166.92,54.9,167.26
166.98,54.9,167.28
167.04,54.89,167.31
167.1,60.59,167.34
167.16,64.39,167.37
167.22,66.29,167.39
167.28,68.19,167.42
167.34,71.99,167.45
167.4,74.84,167.48
167.46,77.69,167.5
167.52,79.59,167.53
167.58,83.38,167.56
167.64,85.28,167.59
167.7,87.18,167.61
167.76,90.98,167.64
167.82,90.98,167.67
167.88,90.98,167.7
167.94,94.78,167.72
168,94.78,167.75
168.06,94.77,167.78
168.12,96.67,167.81
168.18,96.67,167.83
168.24,97.62,167.86
168.3,98.57,167.89
168.36,98.56,167.92
168.42,98.56,167.94
168.48,98.56,167.97
168.54,98.56,168
168.6,98.56,168.03
168.66,98.56,168.05
168.72,98.55,168.08
168.78,98.55,168.11
168.84,96.65,168.14
168.9,96.65,168.16
168.96,96.17,168.19
169.02,95.69,168.22
169.08,95.22,168.25
169.14,94.74,168.27
169.2,94.74,168.3
169.32,92.83,168.33
169.44,92.83,168.37
169.57,90.93,168.4
169.69,90.93,168.43
169.81,90.93,168.47
169.93,90.92,168.5
170.05,89.02,168.53
170.17,90.92,168.57
170.3,90.92,168.6
170.42,90.92,168.63
170.54,90.91,168.67
170.66,92.81,168.7
170.78,92.81,168.73
170.9,92.81,168.77
171.03,94.71,168.8
171.15,92.8,168.83
171.27,92.8,168.87
171.39,90.9,168.9
171.51,88.05,168.93
171.63,87.57,168.97
171.76,87.09,169
171.88,84.24,169.03
172,79.49,169.07
172.12,79.48,169.1
172.24,77.58,169.13
172.36,74.73,169.17
172.49,74.25,169.2
172.61,73.77,169.23
172.73,71.87,169.27
172.85,71.87,169.3
172.97,71.87,169.33
173.09,69.96,169.37
173.22,69.96,169.4
173.34,69.96,169.43
173.46,69.96,169.47
173.58,69.96,169.5
173.7,69.96,169.53
173.82,69.95,169.57
173.95,71.85,169.6
174.07,71.85,169.63
174.19,71.85,169.67
174.31,75.65,169.7
174.43,77.54,169.73
174.55,78.49,169.77
174.68,79.44,169.8
174.8,81.34,169.83
174.92,82.29,169.87
175.04,83.24,169.9
175.16,85.14,169.93
175.28,85.13,169.97
175.41,88.69,170
175.53,90.58,170.03
175.65,90.58,170.07
175.77,90.57,170.1
175.89,90.56,170.13
176.01,90.55,170.17
176.14,88.64,170.2
176.26,88.64,170.23
176.38,88.63,170.27
176.5,88.62,170.3
176.55,86.71,170.35
176.59,86.7,170.4
176.64,84.8,170.44
176.68,84.79,170.49
176.73,82.88,170.54
176.77,80.97,170.59
176.82,80.96,170.63
176.86,78.1,170.68
176.91,75.23,170.73
176.95,73.33,170.78
177,73.32,170.82
177.04,71.41,170.87
177.09,68.55,170.92
177.13,65.68,170.97
177.18,63.77,171.01
177.22,60.92,171.06
177.27,58.05,171.11
177.31,58.04,171.16
177.36,56.13,171.2
177.4,54.22,171.25
177.45,51.36,171.3
177.49,48.5,171.35
177.54,46.59,171.39
177.58,46.58,171.44
177.63,44.67,171.49
177.67,41.81,171.54
177.72,38.94,171.58
177.76,38.93,171.63
177.81,37.03,171.68
177.85,35.12,171.73
177.9,35.11,171.77
177.94,33.2,171.82
177.99,30.34,171.87
178.03,29.38,171.92
178.08,28.42,171.96
178.12,25.56,172.01
178.17,25.08,172.06
178.21,24.6,172.11
178.26,23.64,172.15
178.3,22.68,172.2
178.35,22.19,172.25
178.39,21.71,172.3
178.44,21.7,172.34
178.48,21.22,172.39
178.53,20.74,172.44
178.57,20.25,172.49
178.62,19.77,172.53
178.66,19.76,172.58
178.71,19.76,172.63
178.75,19.75,172.68
178.8,19.74,172.72
178.84,20.69,172.77
178.89,21.63,172.82
178.93,21.62,172.87
178.98,23.52,172.91
179.02,24.47,172.96
179.07,25.41,173.01
179.11,29.21,173.06
179.16,30.16,173.1
179.2,31.1,173.15
179.25,34.9,173.2
179.29,40.6,173.25
179.34,40.6,173.29
179.38,40.59,173.34
179.43,44.38,173.39
179.47,45.33,173.44
179.52,46.28,173.48
179.56,46.27,173.53
179.61,46.27,173.58
179.65,46.26,173.63
179.7,46.25,173.67
179.74,46.24,173.72
179.79,46.24,173.77
179.83,46.23,173.82
179.88,46.22,173.86
179.92,44.31,173.91
179.97,44.3,173.96
180.01,44.3,174.01
180.06,44.29,174.05
180.1,44.28,174.1
180.24,45.23,174.22
180.37,46.17,174.35
180.51,46.16,174.47
180.64,47.11,174.59
180.78,48.06,174.71
180.91,51.85,174.84
181.05,55.65,174.96
181.19,56.6,175.08
181.32,57.54,175.21
181.46,61.34,175.33
181.59,61.34,175.45
181.73,61.33,175.57
181.86,63.22,175.7
182,63.21,175.82
182.14,61.3,175.94
182.27,61.3,176.07
182.41,61.29,176.19
182.54,61.28,176.31
182.68,59.38,176.43
182.81,63.17,176.56
182.95,63.17,176.68
183.09,63.16,176.8
183.22,66.96,176.93
183.36,66.95,177.05
183.49,67.9,177.17
183.63,68.84,177.29
183.76,68.83,177.42
183.9,68.35,177.54
184.04,67.87,177.66
184.17,67.38,177.79
184.31,66.9,177.91
184.44,63.09,178.03
184.58,62.13,178.15
184.71,61.17,178.28
184.85,61.16,178.4
184.99,64.96,178.52
185.12,64.96,178.65
185.26,64.95,178.77
185.39,66.84,178.89
185.53,67.79,179.01
185.66,68.74,179.14
185.8,68.73,179.26
185.94,68.73,179.38
186.07,68.72,179.51
186.21,68.71,179.63
186.34,68.7,179.75
186.48,66.79,179.87
186.61,64.88,180
186.75,64.87,180.12
186.89,61.06,180.24
187.02,57.25,180.37
187.16,53.43,180.49
187.29,49.62,180.61
187.43,43.9,180.73
187.56,38.18,180.86
187.7,33.42,180.98
187.84,28.65,181.1
187.97,24.84,181.23
188.11,24.83,181.35
188.24,22.92,181.47
188.38,21.01,181.59
188.51,21,181.72
188.65,19.09,181.84
188.79,19.08,181.96
188.92,19.08,182.09
189.06,19.07,182.21
189.19,19.06,182.33
189.33,20.96,182.45
189.46,21.91,182.58
189.6,22.85,182.7
189.67,24.74,182.8
189.74,25.69,182.9
189.81,26.64,183
189.89,28.53,183.11
189.96,29.48,183.21
190.03,30.42,183.31
190.1,32.32,183.41
190.17,36.11,183.51
190.24,37.06,183.61
190.31,38.01,183.71
190.38,38,183.81
190.46,36.09,183.92
190.53,36.08,184.02
190.6,34.17,184.12
190.67,34.17,184.22
190.74,34.16,184.32
190.81,34.15,184.42
190.88,37.95,184.52
190.95,37.95,184.62
191.03,37.94,184.73
191.1,41.73,184.83
191.17,41.25,184.93
191.24,40.77,185.03
191.31,36,185.13
191.38,28.39,185.23
191.45,28.38,185.33
191.52,30.28,185.43
191.6,32.17,185.54
191.67,37.87,185.64
191.74,41.67,185.74
191.81,43.57,185.84
191.88,45.47,185.94
191.95,45.46,186.04
192.02,46.41,186.14
192.09,47.35,186.24
192.17,47.34,186.35
192.24,45.43,186.45
192.31,45.42,186.55
192.38,45.42,186.65
192.45,45.41,186.75
192.52,45.4,186.85
192.59,43.49,186.95
192.66,43.48,187.05
192.74,43.48,187.16
192.81,43.47,187.26
192.88,43.46,187.36
192.95,43.45,187.46
193.02,44.4,187.56
193.09,45.35,187.66
193.16,49.14,187.76
193.23,49.14,187.86
193.31,49.13,187.97
193.38,51.03,188.07
193.45,51.03,188.17
193.52,51.02,188.27
193.59,51.01,188.37
193.66,51,188.47
193.73,49.09,188.57
193.8,48.61,188.67
193.88,48.13,188.78
193.95,45.26,188.88
194.02,45.25,188.98
194.09,43.34,189.08
194.16,41.43,189.18
194.23,38.58,189.28
194.3,37.62,189.38
194.37,36.66,189.48
194.45,33.79,189.59
194.52,31.88,189.69
194.59,31.87,189.79
194.66,29.96,189.89
194.73,27.1,189.99
194.8,26.14,190.09
194.87,25.19,190.19
194.94,22.32,190.29
195.02,21.84,190.4
195.09,21.36,190.5
195.16,18.49,190.6
195.23,18.48,190.7
195.3,18.48,190.8
195.39,18.47,190.92
195.49,18.46,191.04
195.58,16.55,191.16
195.68,18.45,191.29
195.77,18.45,191.41
195.87,18.44,191.53
195.96,18.43,191.65
196.05,19.38,191.77
196.15,20.32,191.89
196.24,22.21,192.01
196.34,22.21,192.14
196.43,22.2,192.26
196.53,24.1,192.38
196.62,25.99,192.5
196.71,26.94,192.62
196.81,27.88,192.74
196.9,29.78,192.86
197,29.78,192.99
197.09,29.77,193.11
197.19,31.66,193.23
197.28,29.75,193.35
197.37,29.74,193.47
197.47,28.78,193.59
197.56,27.83,193.71
197.66,26.39,193.84
197.75,24.96,193.96
197.85,22.09,194.08
197.94,20.19,194.2
198.03,17.33,194.32
198.13,14.46,194.44
198.22,9.7,194.56
198.32,6.83,194.69
198.41,4.92,194.81
198.51,2.06,194.93
198.6,1.1,195.05
198.69,0.14,195.17
198.79,-0.34,195.29
198.88,-0.82,195.41
198.98,-0.83,195.54
199.07,-0.84,195.66
199.17,-0.84,195.78
199.26,1.05,195.9
199.35,2,196.02
199.45,2.95,196.14
199.54,4.84,196.26
199.64,6.73,196.39
199.73,6.73,196.51
199.83,6.72,196.63
199.92,6.71,196.75
200.01,6.71,196.87
200.11,6.7,196.99
200.2,6.69,197.11
200.3,6.68,197.24
200.39,4.77,197.36
200.49,4.29,197.48
200.58,3.81,197.6
200.67,0.95,197.72
200.77,-0.96,197.84
200.86,-0.97,197.96
200.96,-2.88,198.09
201.05,-5.74,198.21
201.15,-10.51,198.33
201.24,-13.38,198.45
201.33,-16.23,198.57
201.43,-18.14,198.69
201.52,-23.86,198.81
201.62,-25.3,198.94
201.71,-26.74,199.06
201.81,-29.59,199.18
201.9,-31.5,199.3
201.94,-33.41,199.32
201.98,-33.42,199.34
202.03,-35.33,199.37
202.07,-35.34,199.39
202.11,-35.35,199.41
202.15,-35.36,199.43
202.2,-35.36,199.46
202.24,-35.37,199.48
202.28,-34.43,199.5
202.32,-33.48,199.52
202.36,-33.49,199.54
202.41,-31.59,199.57
202.45,-29.69,199.59
202.49,-29.7,199.61
202.53,-25.9,199.63
202.58,-25.91,199.66
202.62,-25.91,199.68
202.66,-22.12,199.7
202.7,-22.13,199.72
202.74,-22.13,199.74
202.79,-20.23,199.77
202.83,-19.29,199.79
202.87,-18.34,199.81
202.91,-16.45,199.83
202.96,-14.55,199.86
203,-14.56,199.88
203.04,-14.56,199.9
203.08,-12.67,199.92
203.12,-12.68,199.94
203.17,-12.68,199.97
203.21,-10.78,199.99
203.25,-10.8,200.01
203.29,-9.85,200.03
203.34,-8.9,200.06
203.38,-7.01,200.08
203.42,-7.01,200.1
203.46,-7.02,200.12
203.5,-7.03,200.14
203.55,-7.03,200.17
203.59,-7.04,200.19
203.63,-7.05,200.21
203.67,-7.06,200.23
203.72,-6.11,200.26
203.76,-5.17,200.28
203.8,-7.07,200.3
203.84,-7.08,200.32
203.88,-7.09,200.34
203.93,-9,200.37
203.97,-9.01,200.39
204.01,-9.01,200.41
204.05,-9.02,200.43
204.1,-10.93,200.46
204.14,-10.94,200.48
204.18,-12.85,200.5
204.22,-12.86,200.52
204.26,-14.77,200.54
204.31,-14.78,200.57
204.35,-16.69,200.59
204.39,-16.7,200.61
204.43,-18.6,200.63
204.48,-18.61,200.66
204.52,-18.61,200.68
204.56,-18.62,200.7
204.6,-18.63,200.72
204.64,-18.64,200.74
204.69,-18.64,200.77
204.73,-18.65,200.79
204.77,-18.66,200.81
204.81,-18.66,200.83
204.86,-18.67,200.86
204.9,-18.68,200.88
204.94,-18.68,200.9
204.98,-18.69,200.92
205.02,-18.7,200.94
205.07,-18.71,200.97
205.11,-18.71,200.99
205.15,-18.72,201.01
205.19,-17.78,201.03
205.24,-16.83,201.06
205.28,-16.84,201.08
205.32,-16.85,201.1
205.36,-16.85,201.12
205.4,-14.96,201.14
205.45,-14.97,201.17
205.49,-14.02,201.19
205.53,-13.07,201.21
205.57,-13.08,201.23
205.62,-13.09,201.26
205.66,-13.09,201.28
205.7,-11.2,201.3
205.77,-9.31,201.44
205.83,-9.31,201.57
205.9,-9.32,201.71
205.96,-7.42,201.85
206.03,-7.43,201.98
206.09,-7.43,202.12
206.16,-5.54,202.26
206.22,-4.59,202.39
206.29,-3.65,202.53
206.35,-1.75,202.67
206.42,-1.76,202.8
206.48,-0.82,202.94
206.55,0.13,203.08
206.61,2.02,203.21
206.68,2.02,203.35
206.74,2.01,203.49
206.81,3.91,203.62
206.87,3.9,203.76
206.94,3.9,203.9
207,3.89,204.03
207.07,1.98,204.17
207.13,1.97,204.31
207.2,1.96,204.44
207.26,0.05,204.58
207.33,-1.86,204.72
207.39,-1.87,204.85
207.46,-3.78,204.99
207.52,-3.79,205.13
207.59,-5.7,205.26
207.65,-5.7,205.4
207.72,-5.71,205.54
207.78,-5.72,205.67
207.85,-5.73,205.81
207.91,-5.73,205.95
207.98,-5.74,206.08
208.04,-5.75,206.22
208.11,-5.75,206.36
208.17,-5.76,206.49
208.24,-3.86,206.63
208.3,-2.92,206.77
208.37,-1.97,206.9
208.43,-1.98,207.04
208.5,1.82,207.18
208.56,2.76,207.31
208.63,3.71,207.45
208.69,5.6,207.59
208.76,6.55,207.72
208.82,7.5,207.86
208.89,9.39,208
208.95,13.19,208.13
209.02,13.19,208.27
209.08,13.18,208.41
209.15,16.97,208.54
209.21,16.97,208.68
209.28,16.96,208.82
209.34,20.76,208.95
209.41,21.71,209.09
209.47,22.65,209.23
209.54,24.55,209.36
209.6,26.44,209.5
209.76,27.39,209.77
209.92,28.34,210.04
210.08,30.23,210.31
210.23,31.18,210.58
210.39,32.12,210.85
210.55,34.02,211.12
210.71,34.97,211.39
210.87,35.91,211.66
211.03,37.8,211.93
211.19,39.7,212.2
211.34,40.65,212.47
211.5,41.59,212.74
211.66,43.48,213.01
211.82,44.43,213.28
211.98,45.38,213.55
212.14,47.27,213.82
212.3,49.16,214.09
212.45,50.11,214.36
212.61,51.06,214.63
212.77,51.05,214.9
212.93,52,215.17
213.09,52.94,215.44
213.25,54.83,215.71
213.41,55.78,215.98
213.56,56.73,216.25
213.72,58.62,216.52
213.88,60.51,216.79
214.04,60.51,217.06
214.2,60.5,217.33
214.36,62.4,217.6
214.52,62.4,217.87
214.67,62.39,218.14
214.83,64.28,218.41
214.99,64.28,218.68
215.15,64.27,218.95
215.31,68.07,219.22
215.47,68.06,219.49
215.63,68.06,219.76
215.78,68.05,220.03
215.94,69.51,220.3
216.1,69.08,220.57
216.26,69.08,220.84
216.42,69.09,221.11
216.58,69.09,221.38
216.74,70.99,221.65
216.89,70.99,221.92
217.05,71,222.19
217.21,71,222.46
217.37,71.01,222.73
217.53,71.01,223
217.69,71.02,223.27
217.85,71.02,223.54
218,71.03,223.81
218.16,71.03,224.08
218.32,71.04,224.35
218.48,71.04,224.62
218.64,71.05,224.89
218.8,71.05,225.16
218.96,71.05,225.43
219.11,71.06,225.7
219.27,70.12,225.97
219.43,69.17,226.24
219.59,67.29,226.51
219.75,65.4,226.78
219.91,64.46,227.05
220.07,63.51,227.32
220.22,61.63,227.59
220.38,59.74,227.86
220.54,57.85,228.13
220.7,54.07,228.4
220.78,46.51,228.51
220.87,38.94,228.62
220.95,31.37,228.72
221.04,31.37,228.83
221.12,25.7,228.94
221.2,23.82,229.05
221.29,23.82,229.15
221.37,23.82,229.26
221.45,26.67,229.37
221.54,31.4,229.48
221.62,40.88,229.58
221.71,52.23,229.69
221.79,59.81,229.8
221.87,63.6,229.91
221.96,65.49,230.01
222.04,68.34,230.12
222.12,69.29,230.23
222.21,71.19,230.34
222.29,71.19,230.44
222.38,71.2,230.55
222.46,73.09,230.66
222.54,71.21,230.77
222.63,71.21,230.87
222.71,70.27,230.98
222.79,69.33,231.09
222.88,67.44,231.2
222.96,66.5,231.3
223.05,65.55,231.41
223.13,63.67,231.52
223.21,61.78,231.63
223.3,61.78,231.73
223.38,58.95,231.84
223.46,56.11,231.95
223.55,52.33,232.06
223.63,46.66,232.16
223.72,44.77,232.27
223.8,42.88,232.38
223.88,35.32,232.49
223.97,35.32,232.59
224.05,31.54,232.7
224.13,29.66,232.81
224.22,27.77,232.92
224.3,25.88,233.02
224.39,25.88,233.13
224.47,25.89,233.24
224.55,25.89,233.35
224.64,26.85,233.45
224.72,31.58,233.56
224.8,35.37,233.67
224.89,42,233.78
224.97,48.63,233.88
225.06,54.31,233.99
225.14,58.1,234.1
225.22,60,234.21
225.31,61.9,234.31
225.39,63.79,234.42
225.47,63.8,234.53
225.56,63.8,234.64
225.64,63.81,234.74
225.73,63.81,234.85
225.81,63.81,234.96
225.89,63.82,235.07
225.98,61.93,235.17
226.06,61.93,235.28
226.14,60.05,235.39
226.23,58.16,235.5
226.31,56.27,235.6
226.4,54.38,235.71
226.48,52.5,235.82
226.56,52.5,235.93
226.65,49.67,236.03
226.73,46.83,236.14
226.81,44.94,236.25
226.9,37.38,236.36
226.98,36.44,236.46
227.07,35.49,236.57
227.15,22.25,236.68
227.23,22.25,236.79
227.32,1.44,236.89
227.4,1.45,237
227.54,-23.15,237.09
227.68,-23.15,237.18
227.81,-26.93,237.27
227.95,-30.71,237.36
228.09,-32.6,237.45
228.23,-32.6,237.54
228.37,-30.7,237.63
228.5,-28.8,237.72
228.64,-17.44,237.81
228.78,3.38,237.9
228.92,15.69,237.99
229.06,28,238.08
229.19,32.74,238.17
229.33,35.58,238.26
229.47,37.47,238.35
229.61,39.37,238.44
229.75,41.27,238.53
229.88,42.22,238.62
230.02,43.17,238.71
230.16,43.17,238.8
230.3,43.18,238.89
230.44,43.18,238.98
230.57,43.19,239.07
230.71,43.19,239.16
230.85,43.2,239.25
230.99,41.31,239.34
231.13,41.31,239.43
231.26,41.32,239.52
231.4,41.32,239.61
231.54,41.33,239.7
231.68,39.44,239.79
231.82,39.45,239.88
231.95,39.45,239.97
232.09,39.45,240.06
232.23,39.46,240.15
232.37,38.52,240.24
232.51,37.58,240.33
232.64,37.58,240.42
232.78,35.69,240.51
232.92,35.7,240.6
233.06,33.81,240.69
233.2,31.92,240.78
233.33,31.92,240.87
233.47,26.25,240.96
233.61,24.37,241.05
233.75,22.48,241.14
233.89,20.59,241.23
234.02,16.81,241.32
234.16,12.08,241.41
234.3,7.35,241.5
234.49,4.52,241.64
234.67,1.68,241.78
234.86,-2.1,241.92
235.04,-3.04,242.06
235.23,-3.98,242.2
235.41,-3.98,242.34
235.6,-3.97,242.48
235.78,-3.97,242.62
235.97,-3.96,242.76
236.15,-1.12,242.9
236.34,3.62,243.04
236.52,10.25,243.18
236.71,18.77,243.32
236.89,24.46,243.46
237.08,28.24,243.6
237.26,30.14,243.74
237.45,30.15,243.88
237.63,30.15,244.02
237.82,30.16,244.16
238,29.21,244.3
238.19,28.27,244.44
238.37,28.27,244.58
238.56,20.71,244.72
238.74,20.71,244.86
238.93,7.47,245
239.11,4.63,245.14
239.3,1.8,245.28
239.48,-3.87,245.42
239.67,-3.87,245.56
239.85,-3.86,245.7
240.04,0.87,245.84
240.22,7.5,245.98
240.41,15.08,246.12
240.59,23.6,246.26
240.78,26.44,246.4
240.96,26.45,246.54
241.15,24.56,246.68
241.33,22.67,246.82
241.52,20.78,246.96
241.7,17,247.1
241.73,15.12,247.13
241.76,15.12,247.16
241.79,15.12,247.19
241.82,17.02,247.22
241.86,18.92,247.25
241.89,20.82,247.27
241.92,22.71,247.3
241.95,23.67,247.33
241.98,23.2,247.36
242.01,22.73,247.39
242.04,20.84,247.42
242.07,18.01,247.45
242.1,15.17,247.48
242.13,13.28,247.51
242.17,12.34,247.54
242.2,11.4,247.56
242.23,11.4,247.59
242.26,11.41,247.62
242.29,11.41,247.65
242.32,11.41,247.68
242.35,12.37,247.71
242.38,13.32,247.74
242.41,16.16,247.77
242.44,19.01,247.8
242.48,19.96,247.83
242.51,20.91,247.85
242.54,19.97,247.88
242.57,19.02,247.91
242.6,19.03,247.94
242.63,13.36,247.97
242.66,12.42,248
242.69,11.47,248.03
242.72,2.01,248.06
242.75,2.02,248.09
242.79,-1.76,248.12
242.82,-2.71,248.14
242.85,-3.65,248.17
242.88,-5.53,248.2
242.91,-5.53,248.23
242.94,-5.53,248.26
242.97,-5.52,248.29
243,-5.52,248.32
243.03,-5.51,248.35
243.06,-5.51,248.38
243.1,-5.5,248.41
243.13,-5.5,248.43
243.16,-3.6,248.46
243.19,-1.7,248.49
243.22,-1.7,248.52
243.25,0.2,248.55
243.28,2.1,248.58
243.31,3.99,248.61
243.34,4,248.64
243.37,5.9,248.67
243.41,5.9,248.7
243.44,5.9,248.72
243.47,5.91,248.75
243.5,5.91,248.78
243.53,5.92,248.81
243.56,4.98,248.84
243.59,4.03,248.87
243.62,4.04,248.9
243.65,3.1,248.93
243.68,2.15,248.96
243.72,0.27,248.99
243.75,0.27,249.01
243.78,0.27,249.04
243.81,-1.61,249.07
243.84,-3.5,249.1
243.87,-3.49,249.13
243.9,-5.38,249.16
243.93,-5.38,249.19
243.96,-6.32,249.22
243.99,-7.26,249.25
244.03,-9.15,249.28
244.06,-11.04,249.3
244.09,-11.98,249.33
244.12,-12.92,249.36
244.15,-14.81,249.39
244.18,-15.75,249.42
244.21,-16.69,249.45
244.24,-18.58,249.48
244.27,-19.53,249.51
244.3,-20.47,249.54
244.34,-24.24,249.57
244.37,-26.13,249.59
244.4,-27.08,249.62
244.43,-28.02,249.65
244.46,-29.9,249.68
244.49,-31.79,249.71
244.52,-33.68,249.74
244.55,-35.57,249.77
244.58,-37.45,249.8
244.61,-37.45,249.83
244.65,-40.29,249.86
244.68,-43.12,249.88
244.71,-45.01,249.91
244.74,-48.79,249.94
244.77,-49.73,249.97
244.8,-50.67,250